Year,Week,Team,Score,Opponent,Opponent_score,Score_margin,Outcome,Type,Top_scoring_week,Lowest_scoring_week
2017,1.0,Dylan,154.0,Cody,120.0,34.0,Win,Regular,1,0
2017,1.0,Cody,120.0,Dylan,154.0,-34.0,Loss,Regular,0,0
2017,1.0,Luca,111.0,Matt,96.0,15.0,Win,Regular,0,0
2017,1.0,Gavin,104.0,Nate,98.0,6.0,Win,Regular,0,0
2017,1.0,Hayden,103.0,Zachary,99.0,4.0,Win,Regular,0,0
2017,1.0,Zachary,99.0,Hayden,103.0,-4.0,Loss,Regular,0,0
2017,1.0,Nate,98.0,Gavin,104.0,-6.0,Loss,Regular,0,0
2017,1.0,Matt,96.0,Luca,111.0,-15.0,Loss,Regular,0,1
2017,2.0,Cody,146.0,Matt,96.0,50.0,Win,Regular,1,0
2017,2.0,Zachary,126.0,Gavin,102.0,24.0,Win,Regular,0,0
2017,2.0,Nate,126.0,Hayden,92.0,34.0,Win,Regular,0,0
2017,2.0,Gavin,102.0,Zachary,126.0,-24.0,Loss,Regular,0,0
2017,2.0,Luca,102.0,Dylan,88.0,14.0,Win,Regular,0,0
2017,2.0,Matt,96.0,Cody,146.0,-50.0,Loss,Regular,0,0
2017,2.0,Hayden,92.0,Nate,126.0,-34.0,Loss,Regular,0,0
2017,2.0,Dylan,88.0,Luca,102.0,-14.0,Loss,Regular,0,1
2017,3.0,Cody,137.0,Luca,121.0,16.0,Win,Regular,1,0
2017,3.0,Gavin,131.0,Hayden,102.0,29.0,Win,Regular,0,0
2017,3.0,Luca,121.0,Cody,137.0,-16.0,Loss,Regular,0,0
2017,3.0,Dylan,120.0,Matt,104.0,16.0,Win,Regular,0,0
2017,3.0,Nate,106.0,Zachary,90.0,16.0,Win,Regular,0,0
2017,3.0,Matt,104.0,Dylan,120.0,-16.0,Loss,Regular,0,0
2017,3.0,Hayden,102.0,Gavin,131.0,-29.0,Loss,Regular,0,0
2017,3.0,Zachary,90.0,Nate,106.0,-16.0,Loss,Regular,0,1
2017,4.0,Luca,146.0,Nate,139.0,7.0,Win,Regular,1,0
2017,4.0,Nate,139.0,Luca,146.0,-7.0,Loss,Regular,0,0
2017,4.0,Dylan,129.0,Hayden,101.0,28.0,Win,Regular,0,0
2017,4.0,Hayden,101.0,Dylan,129.0,-28.0,Loss,Regular,0,0
2017,4.0,Zachary,96.0,Cody,85.0,11.0,Win,Regular,0,0
2017,4.0,Matt,95.0,Gavin,92.0,3.0,Win,Regular,0,0
2017,4.0,Gavin,92.0,Matt,95.0,-3.0,Loss,Regular,0,0
2017,4.0,Cody,85.0,Zachary,96.0,-11.0,Loss,Regular,0,1
2017,5.0,Hayden,166.0,Cody,101.0,65.0,Win,Regular,1,0
2017,5.0,Zachary,146.0,Luca,93.0,53.0,Win,Regular,0,0
2017,5.0,Dylan,115.0,Gavin,106.0,9.0,Win,Regular,0,0
2017,5.0,Gavin,106.0,Dylan,115.0,-9.0,Loss,Regular,0,0
2017,5.0,Cody,101.0,Hayden,166.0,-65.0,Loss,Regular,0,0
2017,5.0,Luca,93.0,Zachary,146.0,-53.0,Loss,Regular,0,0
2017,5.0,Nate,91.0,Matt,86.0,5.0,Win,Regular,0,0
2017,5.0,Matt,86.0,Nate,91.0,-5.0,Loss,Regular,0,1
2017,6.0,Hayden,149.0,Luca,93.0,56.0,Win,Regular,1,0
2017,6.0,Gavin,142.0,Cody,116.0,26.0,Win,Regular,0,0
2017,6.0,Cody,116.0,Gavin,142.0,-26.0,Loss,Regular,0,0
2017,6.0,Zachary,113.0,Matt,105.0,8.0,Win,Regular,0,0
2017,6.0,Nate,113.0,Dylan,99.0,14.0,Win,Regular,0,0
2017,6.0,Matt,105.0,Zachary,113.0,-8.0,Loss,Regular,0,0
2017,6.0,Dylan,99.0,Nate,113.0,-14.0,Loss,Regular,0,0
2017,6.0,Luca,93.0,Hayden,149.0,-56.0,Loss,Regular,0,1
2017,7.0,Dylan,154.0,Zachary,126.0,28.0,Win,Regular,1,0
2017,7.0,Zachary,126.0,Dylan,154.0,-28.0,Loss,Regular,0,0
2017,7.0,Matt,121.0,Hayden,105.0,16.0,Win,Regular,0,0
2017,7.0,Luca,119.0,Gavin,102.0,17.0,Win,Regular,0,0
2017,7.0,Nate,119.0,Cody,90.0,29.0,Win,Regular,0,0
2017,7.0,Hayden,105.0,Matt,121.0,-16.0,Loss,Regular,0,0
2017,7.0,Gavin,102.0,Luca,119.0,-17.0,Loss,Regular,0,0
2017,7.0,Cody,90.0,Nate,119.0,-29.0,Loss,Regular,0,1
2017,8.0,Luca,146.0,Matt,91.0,55.0,Win,Regular,1,0
2017,8.0,Gavin,138.0,Nate,128.0,10.0,Win,Regular,0,0
2017,8.0,Dylan,132.0,Cody,125.0,7.0,Win,Regular,0,0
2017,8.0,Nate,128.0,Gavin,138.0,-10.0,Loss,Regular,0,0
2017,8.0,Cody,125.0,Dylan,132.0,-7.0,Loss,Regular,0,0
2017,8.0,Matt,91.0,Luca,146.0,-55.0,Loss,Regular,0,0
2017,8.0,Hayden,91.0,Zachary,85.0,6.0,Win,Regular,0,0
2017,8.0,Zachary,85.0,Hayden,91.0,-6.0,Loss,Regular,0,1
2017,9.0,Matt,146.0,Cody,95.0,51.0,Win,Regular,1,0
2017,9.0,Dylan,130.0,Luca,110.0,20.0,Win,Regular,0,0
2017,9.0,Gavin,128.0,Zachary,65.0,63.0,Win,Regular,0,0
2017,9.0,Luca,110.0,Dylan,130.0,-20.0,Loss,Regular,0,0
2017,9.0,Nate,106.0,Hayden,91.0,15.0,Win,Regular,0,0
2017,9.0,Cody,95.0,Matt,146.0,-51.0,Loss,Regular,0,0
2017,9.0,Hayden,91.0,Nate,106.0,-15.0,Loss,Regular,0,0
2017,9.0,Zachary,65.0,Gavin,128.0,-63.0,Loss,Regular,0,1
2017,10.0,Hayden,157.0,Gavin,102.0,55.0,Win,Regular,1,0
2017,10.0,Matt,125.0,Dylan,115.0,10.0,Win,Regular,0,0
2017,10.0,Cody,124.0,Luca,103.0,21.0,Win,Regular,0,0
2017,10.0,Dylan,115.0,Matt,125.0,-10.0,Loss,Regular,0,0
2017,10.0,Zachary,103.0,Nate,103.0,0.0,Tie,Regular,0,0
2017,10.0,Nate,103.0,Zachary,103.0,0.0,Tie,Regular,0,0
2017,10.0,Luca,103.0,Cody,124.0,-21.0,Loss,Regular,0,0
2017,10.0,Gavin,102.0,Hayden,157.0,-55.0,Loss,Regular,0,1
2017,11.0,Luca,161.0,Nate,129.0,32.0,Win,Regular,1,0
2017,11.0,Dylan,144.0,Hayden,92.0,52.0,Win,Regular,0,0
2017,11.0,Zachary,143.0,Cody,90.0,53.0,Win,Regular,0,0
2017,11.0,Gavin,132.0,Matt,85.0,47.0,Win,Regular,0,0
2017,11.0,Nate,129.0,Luca,161.0,-32.0,Loss,Regular,0,0
2017,11.0,Hayden,92.0,Dylan,144.0,-52.0,Loss,Regular,0,0
2017,11.0,Cody,90.0,Zachary,143.0,-53.0,Loss,Regular,0,0
2017,11.0,Matt,85.0,Gavin,132.0,-47.0,Loss,Regular,0,1
2017,12.0,Gavin,188.0,Dylan,174.0,14.0,Win,Regular,1,0
2017,12.0,Dylan,174.0,Gavin,188.0,-14.0,Loss,Regular,0,0
2017,12.0,Luca,110.0,Zachary,90.0,20.0,Win,Regular,0,0
2017,12.0,Matt,106.0,Nate,104.0,2.0,Win,Regular,0,0
2017,12.0,Nate,104.0,Matt,106.0,-2.0,Loss,Regular,0,0
2017,12.0,Hayden,100.0,Cody,92.0,8.0,Win,Regular,0,0
2017,12.0,Cody,92.0,Hayden,100.0,-8.0,Loss,Regular,0,0
2017,12.0,Zachary,90.0,Luca,110.0,-20.0,Loss,Regular,0,1
2017,13.0,Hayden,142.0,Luca,137.0,5.0,Win,Regular,1,0
2017,13.0,Matt,142.0,Zachary,116.0,26.0,Win,Regular,1,0
2017,13.0,Luca,137.0,Hayden,142.0,-5.0,Loss,Regular,0,0
2017,13.0,Dylan,130.0,Nate,92.0,38.0,Win,Regular,0,0
2017,13.0,Zachary,116.0,Matt,142.0,-26.0,Loss,Regular,0,0
2017,13.0,Cody,114.0,Gavin,87.0,27.0,Win,Regular,0,0
2017,13.0,Nate,92.0,Dylan,130.0,-38.0,Loss,Regular,0,0
2017,13.0,Gavin,87.0,Cody,114.0,-27.0,Loss,Regular,0,1
2017,14.0,Dylan,311.0,Hayden,241.0,70.0,Win,Playoff,1,0
2017,14.0,Luca,241.0,Gavin,199.0,42.0,Win,Playoff,0,0
2017,14.0,Hayden,241.0,Dylan,311.0,-70.0,Loss,Playoff,0,0
2017,14.0,Gavin,199.0,Luca,241.0,-42.0,Loss,Playoff,0,1
2017,15.0,Dylan,273.0,Luca,250.0,23.0,Win,Playoff,1,0
2017,15.0,Luca,250.0,Dylan,273.0,-23.0,Loss,Playoff,0,1
2018,1.0,Luca,163.0,Gavin,96.0,67.0,Win,Regular,1,0
2018,1.0,Dylan,160.0,Matt,159.0,1.0,Win,Regular,0,0
2018,1.0,Matt,159.0,Dylan,160.0,-1.0,Loss,Regular,0,0
2018,1.0,Nate,126.0,Hayden,112.0,14.0,Win,Regular,0,0
2018,1.0,Cody,112.0,Zachary,103.0,9.0,Win,Regular,0,0
2018,1.0,Hayden,112.0,Nate,126.0,-14.0,Loss,Regular,0,0
2018,1.0,Zachary,103.0,Cody,112.0,-9.0,Loss,Regular,0,0
2018,1.0,Gavin,96.0,Luca,163.0,-67.0,Loss,Regular,0,1
2018,2.0,Matt,157.0,Nate,155.0,2.0,Win,Regular,1,0
2018,2.0,Gavin,157.0,Zachary,116.0,41.0,Win,Regular,1,0
2018,2.0,Nate,155.0,Matt,157.0,-2.0,Loss,Regular,0,0
2018,2.0,Luca,154.0,Cody,133.0,21.0,Win,Regular,0,0
2018,2.0,Cody,133.0,Luca,154.0,-21.0,Loss,Regular,0,0
2018,2.0,Zachary,116.0,Gavin,157.0,-41.0,Loss,Regular,0,0
2018,2.0,Hayden,98.0,Dylan,77.0,21.0,Win,Regular,0,0
2018,2.0,Dylan,77.0,Hayden,98.0,-21.0,Loss,Regular,0,1
2018,3.0,Luca,162.0,Zachary,76.0,86.0,Win,Regular,1,0
2018,3.0,Dylan,151.0,Nate,94.0,57.0,Win,Regular,0,0
2018,3.0,Matt,132.0,Hayden,107.0,25.0,Win,Regular,0,0
2018,3.0,Gavin,126.0,Cody,99.0,27.0,Win,Regular,0,0
2018,3.0,Hayden,107.0,Matt,132.0,-25.0,Loss,Regular,0,0
2018,3.0,Cody,99.0,Gavin,126.0,-27.0,Loss,Regular,0,0
2018,3.0,Nate,94.0,Dylan,151.0,-57.0,Loss,Regular,0,0
2018,3.0,Zachary,76.0,Luca,162.0,-86.0,Loss,Regular,0,1
2018,4.0,Luca,168.0,Hayden,109.0,59.0,Win,Regular,1,0
2018,4.0,Nate,156.0,Gavin,149.0,7.0,Win,Regular,0,0
2018,4.0,Matt,150.0,Zachary,110.0,40.0,Win,Regular,0,0
2018,4.0,Gavin,149.0,Nate,156.0,-7.0,Loss,Regular,0,0
2018,4.0,Dylan,137.0,Cody,92.0,45.0,Win,Regular,0,0
2018,4.0,Zachary,110.0,Matt,150.0,-40.0,Loss,Regular,0,0
2018,4.0,Hayden,109.0,Luca,168.0,-59.0,Loss,Regular,0,0
2018,4.0,Cody,92.0,Dylan,137.0,-45.0,Loss,Regular,0,1
2018,5.0,Dylan,168.0,Zachary,111.0,57.0,Win,Regular,1,0
2018,5.0,Matt,154.0,Luca,103.0,51.0,Win,Regular,0,0
2018,5.0,Nate,129.0,Cody,105.0,24.0,Win,Regular,0,0
2018,5.0,Hayden,115.0,Gavin,115.0,0.0,Tie,Regular,0,0
2018,5.0,Gavin,115.0,Hayden,115.0,0.0,Tie,Regular,0,0
2018,5.0,Zachary,111.0,Dylan,168.0,-57.0,Loss,Regular,0,0
2018,5.0,Cody,105.0,Nate,129.0,-24.0,Loss,Regular,0,0
2018,5.0,Luca,103.0,Matt,154.0,-51.0,Loss,Regular,0,1
2018,6.0,Matt,161.0,Gavin,140.0,21.0,Win,Regular,1,0
2018,6.0,Luca,148.0,Dylan,140.0,8.0,Win,Regular,0,0
2018,6.0,Hayden,145.0,Cody,76.0,69.0,Win,Regular,0,0
2018,6.0,Gavin,140.0,Matt,161.0,-21.0,Loss,Regular,0,0
2018,6.0,Dylan,140.0,Luca,148.0,-8.0,Loss,Regular,0,0
2018,6.0,Nate,131.0,Zachary,106.0,25.0,Win,Regular,0,0
2018,6.0,Zachary,106.0,Nate,131.0,-25.0,Loss,Regular,0,0
2018,6.0,Cody,76.0,Hayden,145.0,-69.0,Loss,Regular,0,1
2018,7.0,Gavin,152.0,Dylan,147.0,5.0,Win,Regular,1,0
2018,7.0,Dylan,147.0,Gavin,152.0,-5.0,Loss,Regular,0,0
2018,7.0,Nate,140.0,Luca,134.0,6.0,Win,Regular,0,0
2018,7.0,Hayden,135.0,Zachary,91.0,44.0,Win,Regular,0,0
2018,7.0,Luca,134.0,Nate,140.0,-6.0,Loss,Regular,0,0
2018,7.0,Matt,122.0,Cody,109.0,13.0,Win,Regular,0,0
2018,7.0,Cody,109.0,Matt,122.0,-13.0,Loss,Regular,0,0
2018,7.0,Zachary,91.0,Hayden,135.0,-44.0,Loss,Regular,0,1
2018,8.0,Matt,155.0,Dylan,111.0,44.0,Win,Regular,1,0
2018,8.0,Cody,147.0,Zachary,105.0,42.0,Win,Regular,0,0
2018,8.0,Nate,146.0,Hayden,117.0,29.0,Win,Regular,0,0
2018,8.0,Luca,134.0,Gavin,117.0,17.0,Win,Regular,0,0
2018,8.0,Hayden,117.0,Nate,146.0,-29.0,Loss,Regular,0,0
2018,8.0,Gavin,117.0,Luca,134.0,-17.0,Loss,Regular,0,0
2018,8.0,Dylan,111.0,Matt,155.0,-44.0,Loss,Regular,0,0
2018,8.0,Zachary,105.0,Cody,147.0,-42.0,Loss,Regular,0,1
2018,9.0,Luca,175.0,Cody,133.0,42.0,Win,Regular,1,0
2018,9.0,Matt,160.0,Nate,87.0,73.0,Win,Regular,0,0
2018,9.0,Cody,133.0,Luca,175.0,-42.0,Loss,Regular,0,0
2018,9.0,Gavin,128.0,Zachary,95.0,33.0,Win,Regular,0,0
2018,9.0,Dylan,128.0,Hayden,121.0,7.0,Win,Regular,0,0
2018,9.0,Hayden,121.0,Dylan,128.0,-7.0,Loss,Regular,0,0
2018,9.0,Zachary,95.0,Gavin,128.0,-33.0,Loss,Regular,0,0
2018,9.0,Nate,87.0,Matt,160.0,-73.0,Loss,Regular,0,1
2018,10.0,Luca,202.0,Zachary,126.0,76.0,Win,Regular,1,0
2018,10.0,Dylan,152.0,Nate,84.0,68.0,Win,Regular,0,0
2018,10.0,Gavin,142.0,Cody,109.0,33.0,Win,Regular,0,0
2018,10.0,Matt,128.0,Hayden,109.0,19.0,Win,Regular,0,0
2018,10.0,Zachary,126.0,Luca,202.0,-76.0,Loss,Regular,0,0
2018,10.0,Cody,109.0,Gavin,142.0,-33.0,Loss,Regular,0,0
2018,10.0,Hayden,109.0,Matt,128.0,-19.0,Loss,Regular,0,0
2018,10.0,Nate,84.0,Dylan,152.0,-68.0,Loss,Regular,0,1
2018,11.0,Matt,185.0,Zachary,116.0,69.0,Win,Regular,1,0
2018,11.0,Luca,171.0,Hayden,124.0,47.0,Win,Regular,0,0
2018,11.0,Hayden,124.0,Luca,171.0,-47.0,Loss,Regular,0,0
2018,11.0,Cody,117.0,Dylan,111.0,6.0,Win,Regular,0,0
2018,11.0,Gavin,117.0,Nate,101.0,16.0,Win,Regular,0,0
2018,11.0,Zachary,116.0,Matt,185.0,-69.0,Loss,Regular,0,0
2018,11.0,Dylan,111.0,Cody,117.0,-6.0,Loss,Regular,0,0
2018,11.0,Nate,101.0,Gavin,117.0,-16.0,Loss,Regular,0,1
2018,12.0,Zachary,145.0,Dylan,144.0,1.0,Win,Regular,1,0
2018,12.0,Gavin,145.0,Hayden,132.0,13.0,Win,Regular,1,0
2018,12.0,Dylan,144.0,Zachary,145.0,-1.0,Loss,Regular,0,0
2018,12.0,Luca,144.0,Matt,128.0,16.0,Win,Regular,0,0
2018,12.0,Hayden,132.0,Gavin,145.0,-13.0,Loss,Regular,0,0
2018,12.0,Nate,130.0,Cody,125.0,5.0,Win,Regular,0,0
2018,12.0,Matt,128.0,Luca,144.0,-16.0,Loss,Regular,0,0
2018,12.0,Cody,125.0,Nate,130.0,-5.0,Loss,Regular,0,1
2018,13.0,Luca,299.0,Nate,193.0,106.0,Win,Playoff,1,0
2018,13.0,Matt,293.0,Gavin,292.0,1.0,Win,Playoff,0,0
2018,13.0,Gavin,292.0,Matt,293.0,-1.0,Loss,Playoff,0,0
2018,13.0,Nate,193.0,Luca,299.0,-106.0,Loss,Playoff,0,1
2018,14.0,Luca,292.0,Matt,251.0,41.0,Win,Playoff,1,0
2018,14.0,Matt,251.0,Luca,292.0,-41.0,Loss,Playoff,0,1
2019,1.0,Cody,152.0,Evan,125.0,27.0,Win,Regular,1,0
2019,1.0,Alexander,144.0,Hayden,78.0,66.0,Win,Regular,0,0
2019,1.0,Dylan,134.0,Zachary,121.0,13.0,Win,Regular,0,0
2019,1.0,Luca,131.0,Nate,117.0,14.0,Win,Regular,0,0
2019,1.0,Matt,128.0,Gavin,126.0,2.0,Win,Regular,0,0
2019,1.0,Gavin,126.0,Matt,128.0,-2.0,Loss,Regular,0,0
2019,1.0,Evan,125.0,Cody,152.0,-27.0,Loss,Regular,0,0
2019,1.0,Zachary,121.0,Dylan,134.0,-13.0,Loss,Regular,0,0
2019,1.0,Nate,117.0,Luca,131.0,-14.0,Loss,Regular,0,0
2019,1.0,Hayden,78.0,Alexander,144.0,-66.0,Loss,Regular,0,1
2019,2.0,Zachary,144.0,Matt,140.0,4.0,Win,Regular,1,0
2019,2.0,Matt,140.0,Zachary,144.0,-4.0,Loss,Regular,0,0
2019,2.0,Dylan,125.0,Evan,118.0,7.0,Win,Regular,0,0
2019,2.0,Gavin,124.0,Luca,123.0,1.0,Win,Regular,0,0
2019,2.0,Luca,123.0,Gavin,124.0,-1.0,Loss,Regular,0,0
2019,2.0,Evan,118.0,Dylan,125.0,-7.0,Loss,Regular,0,0
2019,2.0,Nate,107.0,Alexander,102.0,5.0,Win,Regular,0,0
2019,2.0,Alexander,102.0,Nate,107.0,-5.0,Loss,Regular,0,0
2019,2.0,Cody,97.0,Hayden,91.0,6.0,Win,Regular,0,0
2019,2.0,Hayden,91.0,Cody,97.0,-6.0,Loss,Regular,0,1
2019,3.0,Cody,176.0,Dylan,137.0,39.0,Win,Regular,1,0
2019,3.0,Matt,155.0,Evan,154.0,1.0,Win,Regular,0,0
2019,3.0,Evan,154.0,Matt,155.0,-1.0,Loss,Regular,0,0
2019,3.0,Dylan,137.0,Cody,176.0,-39.0,Loss,Regular,0,0
2019,3.0,Zachary,133.0,Luca,102.0,31.0,Win,Regular,0,0
2019,3.0,Hayden,131.0,Nate,125.0,6.0,Win,Regular,0,0
2019,3.0,Nate,125.0,Hayden,131.0,-6.0,Loss,Regular,0,0
2019,3.0,Alexander,107.0,Gavin,85.0,22.0,Win,Regular,0,0
2019,3.0,Luca,102.0,Zachary,133.0,-31.0,Loss,Regular,0,0
2019,3.0,Gavin,85.0,Alexander,107.0,-22.0,Loss,Regular,0,1
2019,4.0,Dylan,175.0,Nate,80.0,95.0,Win,Regular,1,0
2019,4.0,Evan,135.0,Zachary,126.0,9.0,Win,Regular,0,0
2019,4.0,Zachary,126.0,Evan,135.0,-9.0,Loss,Regular,0,0
2019,4.0,Alexander,121.0,Luca,82.0,39.0,Win,Regular,0,0
2019,4.0,Gavin,118.0,Hayden,115.0,3.0,Win,Regular,0,0
2019,4.0,Hayden,115.0,Gavin,118.0,-3.0,Loss,Regular,0,0
2019,4.0,Matt,113.0,Cody,109.0,4.0,Win,Regular,0,0
2019,4.0,Cody,109.0,Matt,113.0,-4.0,Loss,Regular,0,0
2019,4.0,Luca,82.0,Alexander,121.0,-39.0,Loss,Regular,0,0
2019,4.0,Nate,80.0,Dylan,175.0,-95.0,Loss,Regular,0,1
2019,5.0,Luca,200.0,Hayden,146.0,54.0,Win,Regular,1,0
2019,5.0,Cody,174.0,Zachary,168.0,6.0,Win,Regular,0,0
2019,5.0,Zachary,168.0,Cody,174.0,-6.0,Loss,Regular,0,0
2019,5.0,Hayden,146.0,Luca,200.0,-54.0,Loss,Regular,0,0
2019,5.0,Alexander,146.0,Evan,91.0,55.0,Win,Regular,0,0
2019,5.0,Nate,127.0,Gavin,98.0,29.0,Win,Regular,0,0
2019,5.0,Dylan,122.0,Matt,97.0,25.0,Win,Regular,0,0
2019,5.0,Gavin,98.0,Nate,127.0,-29.0,Loss,Regular,0,0
2019,5.0,Matt,97.0,Dylan,122.0,-25.0,Loss,Regular,0,0
2019,5.0,Evan,91.0,Alexander,146.0,-55.0,Loss,Regular,0,1
2019,6.0,Dylan,157.0,Alexander,88.0,69.0,Win,Regular,1,0
2019,6.0,Hayden,142.0,Matt,76.0,66.0,Win,Regular,0,0
2019,6.0,Evan,136.0,Gavin,101.0,35.0,Win,Regular,0,0
2019,6.0,Nate,118.0,Zachary,80.0,38.0,Win,Regular,0,0
2019,6.0,Cody,109.0,Luca,106.0,3.0,Win,Regular,0,0
2019,6.0,Luca,106.0,Cody,109.0,-3.0,Loss,Regular,0,0
2019,6.0,Gavin,101.0,Evan,136.0,-35.0,Loss,Regular,0,0
2019,6.0,Alexander,88.0,Dylan,157.0,-69.0,Loss,Regular,0,0
2019,6.0,Zachary,80.0,Nate,118.0,-38.0,Loss,Regular,0,0
2019,6.0,Matt,76.0,Hayden,142.0,-66.0,Loss,Regular,0,1
2019,7.0,Gavin,143.0,Dylan,90.0,53.0,Win,Regular,1,0
2019,7.0,Matt,135.0,Luca,100.0,35.0,Win,Regular,0,0
2019,7.0,Alexander,120.0,Zachary,106.0,14.0,Win,Regular,0,0
2019,7.0,Zachary,106.0,Alexander,120.0,-14.0,Loss,Regular,0,0
2019,7.0,Luca,100.0,Matt,135.0,-35.0,Loss,Regular,0,0
2019,7.0,Dylan,90.0,Gavin,143.0,-53.0,Loss,Regular,0,0
2019,7.0,Nate,84.0,Cody,82.0,2.0,Win,Regular,0,0
2019,7.0,Evan,83.0,Hayden,72.0,11.0,Win,Regular,0,0
2019,7.0,Cody,82.0,Nate,84.0,-2.0,Loss,Regular,0,0
2019,7.0,Hayden,72.0,Evan,83.0,-11.0,Loss,Regular,0,1
2019,8.0,Gavin,177.0,Zachary,176.0,1.0,Win,Regular,1,0
2019,8.0,Zachary,176.0,Gavin,177.0,-1.0,Loss,Regular,0,0
2019,8.0,Matt,171.0,Nate,109.0,62.0,Win,Regular,0,0
2019,8.0,Luca,134.0,Evan,107.0,27.0,Win,Regular,0,0
2019,8.0,Dylan,117.0,Hayden,107.0,10.0,Win,Regular,0,0
2019,8.0,Nate,109.0,Matt,171.0,-62.0,Loss,Regular,0,0
2019,8.0,Hayden,107.0,Dylan,117.0,-10.0,Loss,Regular,0,0
2019,8.0,Evan,107.0,Luca,134.0,-27.0,Loss,Regular,0,0
2019,8.0,Cody,96.0,Alexander,95.0,1.0,Win,Regular,0,0
2019,8.0,Alexander,95.0,Cody,96.0,-1.0,Loss,Regular,0,1
2019,9.0,Gavin,168.0,Matt,108.0,60.0,Win,Regular,1,0
2019,9.0,Alexander,128.0,Evan,78.0,50.0,Win,Regular,0,0
2019,9.0,Hayden,127.0,Cody,113.0,14.0,Win,Regular,0,0
2019,9.0,Zachary,122.0,Luca,89.0,33.0,Win,Regular,0,0
2019,9.0,Nate,116.0,Dylan,116.0,0.0,Tie,Regular,0,0
2019,9.0,Dylan,116.0,Nate,116.0,0.0,Tie,Regular,0,0
2019,9.0,Cody,113.0,Hayden,127.0,-14.0,Loss,Regular,0,0
2019,9.0,Matt,108.0,Gavin,168.0,-60.0,Loss,Regular,0,0
2019,9.0,Luca,89.0,Zachary,122.0,-33.0,Loss,Regular,0,0
2019,9.0,Evan,78.0,Alexander,128.0,-50.0,Loss,Regular,0,1
2019,10.0,Zachary,168.0,Nate,148.0,20.0,Win,Regular,1,0
2019,10.0,Nate,148.0,Zachary,168.0,-20.0,Loss,Regular,0,0
2019,10.0,Luca,140.0,Cody,133.0,7.0,Win,Regular,0,0
2019,10.0,Cody,133.0,Luca,140.0,-7.0,Loss,Regular,0,0
2019,10.0,Hayden,131.0,Matt,104.0,27.0,Win,Regular,0,0
2019,10.0,Dylan,119.0,Alexander,107.0,12.0,Win,Regular,0,0
2019,10.0,Gavin,107.0,Evan,79.0,28.0,Win,Regular,0,0
2019,10.0,Alexander,107.0,Dylan,119.0,-12.0,Loss,Regular,0,0
2019,10.0,Matt,104.0,Hayden,131.0,-27.0,Loss,Regular,0,0
2019,10.0,Evan,79.0,Gavin,107.0,-28.0,Loss,Regular,0,1
2019,11.0,Alexander,142.0,Zachary,115.0,27.0,Win,Regular,1,0
2019,11.0,Gavin,141.0,Dylan,98.0,43.0,Win,Regular,0,0
2019,11.0,Evan,127.0,Hayden,84.0,43.0,Win,Regular,0,0
2019,11.0,Zachary,115.0,Alexander,142.0,-27.0,Loss,Regular,0,0
2019,11.0,Matt,113.0,Luca,95.0,18.0,Win,Regular,0,0
2019,11.0,Dylan,98.0,Gavin,141.0,-43.0,Loss,Regular,0,0
2019,11.0,Luca,95.0,Matt,113.0,-18.0,Loss,Regular,0,0
2019,11.0,Hayden,84.0,Evan,127.0,-43.0,Loss,Regular,0,0
2019,11.0,Nate,82.0,Cody,77.0,5.0,Win,Regular,0,0
2019,11.0,Cody,77.0,Nate,82.0,-5.0,Loss,Regular,0,1
2019,12.0,Gavin,145.0,Zachary,102.0,43.0,Win,Regular,1,0
2019,12.0,Hayden,137.0,Dylan,122.0,15.0,Win,Regular,0,0
2019,12.0,Nate,124.0,Matt,76.0,48.0,Win,Regular,0,0
2019,12.0,Dylan,122.0,Hayden,137.0,-15.0,Loss,Regular,0,0
2019,12.0,Luca,121.0,Evan,77.0,44.0,Win,Regular,0,0
2019,12.0,Zachary,102.0,Gavin,145.0,-43.0,Loss,Regular,0,0
2019,12.0,Alexander,95.0,Cody,75.0,20.0,Win,Regular,0,0
2019,12.0,Evan,77.0,Luca,121.0,-44.0,Loss,Regular,0,0
2019,12.0,Matt,76.0,Nate,124.0,-48.0,Loss,Regular,0,0
2019,12.0,Cody,75.0,Alexander,95.0,-20.0,Loss,Regular,0,1
2019,13.0,Gavin,255.0,Nate,252.0,3.0,Win,Playoff,1,0
2019,13.0,Nate,252.0,Gavin,255.0,-3.0,Loss,Playoff,0,0
2019,13.0,Alexander,233.0,Dylan,176.0,57.0,Win,Playoff,0,0
2019,13.0,Dylan,176.0,Alexander,233.0,-57.0,Loss,Playoff,0,1
2019,14.0,Gavin,259.0,Alexander,254.0,5.0,Win,Playoff,1,0
2019,14.0,Alexander,254.0,Gavin,259.0,-5.0,Loss,Playoff,0,1
2020,1.0,Cody,207.2,Evan,126.8,80.39999999999999,Win,Regular,1,0
2020,1.0,Luca,193.1,Nate,113.0,80.1,Win,Regular,0,0
2020,1.0,Matt,157.9,Gavin,131.9,26.0,Win,Regular,0,0
2020,1.0,Dylan,151.4,Zachary,134.6,16.80000000000001,Win,Regular,0,0
2020,1.0,Hayden,142.8,Alexander,101.2,41.60000000000001,Win,Regular,0,0
2020,1.0,Zachary,134.6,Dylan,151.4,-16.80000000000001,Loss,Regular,0,0
2020,1.0,Gavin,131.9,Matt,157.9,-26.0,Loss,Regular,0,0
2020,1.0,Evan,126.8,Cody,207.2,-80.39999999999999,Loss,Regular,0,0
2020,1.0,Nate,113.0,Luca,193.1,-80.1,Loss,Regular,0,0
2020,1.0,Alexander,101.2,Hayden,142.8,-41.60000000000001,Loss,Regular,0,1
2020,2.0,Matt,183.7,Zachary,148.8,34.89999999999998,Win,Regular,1,0
2020,2.0,Dylan,177.0,Evan,130.4,46.599999999999994,Win,Regular,0,0
2020,2.0,Hayden,174.4,Cody,146.6,27.80000000000001,Win,Regular,0,0
2020,2.0,Luca,152.0,Gavin,134.9,17.099999999999994,Win,Regular,0,0
2020,2.0,Zachary,148.8,Matt,183.7,-34.89999999999998,Loss,Regular,0,0
2020,2.0,Cody,146.6,Hayden,174.4,-27.80000000000001,Loss,Regular,0,0
2020,2.0,Nate,135.8,Alexander,125.7,10.100000000000009,Win,Regular,0,0
2020,2.0,Gavin,134.9,Luca,152.0,-17.099999999999994,Loss,Regular,0,0
2020,2.0,Evan,130.4,Dylan,177.0,-46.599999999999994,Loss,Regular,0,0
2020,2.0,Alexander,125.7,Nate,135.8,-10.100000000000009,Loss,Regular,0,1
2020,3.0,Hayden,218.9,Nate,149.3,69.6,Win,Regular,1,0
2020,3.0,Alexander,183.1,Gavin,161.3,21.799999999999983,Win,Regular,0,0
2020,3.0,Gavin,161.3,Alexander,183.1,-21.799999999999983,Loss,Regular,0,0
2020,3.0,Nate,149.3,Hayden,218.9,-69.6,Loss,Regular,0,0
2020,3.0,Evan,147.7,Matt,104.3,43.39999999999999,Win,Regular,0,0
2020,3.0,Dylan,136.2,Cody,120.8,15.399999999999991,Win,Regular,0,0
2020,3.0,Cody,120.8,Dylan,136.2,-15.399999999999991,Loss,Regular,0,0
2020,3.0,Zachary,118.0,Luca,118.0,0.0,Tie,Regular,0,0
2020,3.0,Luca,118.0,Zachary,118.0,0.0,Tie,Regular,0,0
2020,3.0,Matt,104.3,Evan,147.7,-43.39999999999999,Loss,Regular,0,1
2020,4.0,Zachary,184.6,Evan,131.9,52.69999999999999,Win,Regular,1,0
2020,4.0,Dylan,180.8,Nate,145.2,35.60000000000002,Win,Regular,0,0
2020,4.0,Cody,158.1,Matt,140.7,17.400000000000006,Win,Regular,0,0
2020,4.0,Luca,147.8,Alexander,111.1,36.70000000000002,Win,Regular,0,0
2020,4.0,Nate,145.2,Dylan,180.8,-35.60000000000002,Loss,Regular,0,0
2020,4.0,Gavin,140.8,Hayden,120.6,20.200000000000017,Win,Regular,0,0
2020,4.0,Matt,140.7,Cody,158.1,-17.400000000000006,Loss,Regular,0,0
2020,4.0,Evan,131.9,Zachary,184.6,-52.69999999999999,Loss,Regular,0,0
2020,4.0,Hayden,120.6,Gavin,140.8,-20.200000000000017,Loss,Regular,0,0
2020,4.0,Alexander,111.1,Luca,147.8,-36.70000000000002,Loss,Regular,0,1
2020,5.0,Cody,166.2,Zachary,136.8,29.399999999999977,Win,Regular,1,0
2020,5.0,Luca,150.8,Hayden,123.9,26.900000000000006,Win,Regular,0,0
2020,5.0,Evan,143.3,Alexander,117.0,26.30000000000001,Win,Regular,0,0
2020,5.0,Matt,137.9,Dylan,99.5,38.400000000000006,Win,Regular,0,0
2020,5.0,Zachary,136.8,Cody,166.2,-29.399999999999977,Loss,Regular,0,0
2020,5.0,Gavin,134.2,Nate,113.8,20.39999999999999,Win,Regular,0,0
2020,5.0,Hayden,123.9,Luca,150.8,-26.900000000000006,Loss,Regular,0,0
2020,5.0,Alexander,117.0,Evan,143.3,-26.30000000000001,Loss,Regular,0,0
2020,5.0,Nate,113.8,Gavin,134.2,-20.39999999999999,Loss,Regular,0,0
2020,5.0,Dylan,99.5,Matt,137.9,-38.400000000000006,Loss,Regular,0,1
2020,6.0,Matt,165.2,Hayden,126.4,38.79999999999998,Win,Regular,1,0
2020,6.0,Luca,152.0,Cody,134.6,17.400000000000006,Win,Regular,0,0
2020,6.0,Zachary,139.1,Nate,74.4,64.69999999999999,Win,Regular,0,0
2020,6.0,Evan,135.8,Gavin,120.7,15.100000000000009,Win,Regular,0,0
2020,6.0,Cody,134.6,Luca,152.0,-17.400000000000006,Loss,Regular,0,0
2020,6.0,Hayden,126.4,Matt,165.2,-38.79999999999998,Loss,Regular,0,0
2020,6.0,Dylan,125.0,Alexander,98.1,26.900000000000006,Win,Regular,0,0
2020,6.0,Gavin,120.7,Evan,135.8,-15.100000000000009,Loss,Regular,0,0
2020,6.0,Alexander,98.1,Dylan,125.0,-26.900000000000006,Loss,Regular,0,0
2020,6.0,Nate,74.4,Zachary,139.1,-64.69999999999999,Loss,Regular,0,1
2020,7.0,Hayden,161.1,Evan,114.4,46.69999999999999,Win,Regular,1,0
2020,7.0,Dylan,160.9,Gavin,115.9,45.0,Win,Regular,0,0
2020,7.0,Matt,156.5,Luca,138.1,18.400000000000006,Win,Regular,0,0
2020,7.0,Nate,150.0,Cody,139.7,10.300000000000011,Win,Regular,0,0
2020,7.0,Zachary,143.3,Alexander,140.9,2.4000000000000057,Win,Regular,0,0
2020,7.0,Alexander,140.9,Zachary,143.3,-2.4000000000000057,Loss,Regular,0,0
2020,7.0,Cody,139.7,Nate,150.0,-10.300000000000011,Loss,Regular,0,0
2020,7.0,Luca,138.1,Matt,156.5,-18.400000000000006,Loss,Regular,0,0
2020,7.0,Gavin,115.9,Dylan,160.9,-45.0,Loss,Regular,0,0
2020,7.0,Evan,114.4,Hayden,161.1,-46.69999999999999,Loss,Regular,0,1
2020,8.0,Gavin,162.4,Zachary,128.1,34.30000000000001,Win,Regular,1,0
2020,8.0,Alexander,146.3,Cody,138.8,7.5,Win,Regular,0,0
2020,8.0,Evan,141.2,Luca,88.2,52.999999999999986,Win,Regular,0,0
2020,8.0,Cody,138.8,Alexander,146.3,-7.5,Loss,Regular,0,0
2020,8.0,Hayden,132.0,Dylan,89.0,43.0,Win,Regular,0,0
2020,8.0,Zachary,128.1,Gavin,162.4,-34.30000000000001,Loss,Regular,0,0
2020,8.0,Matt,122.8,Nate,82.2,40.599999999999994,Win,Regular,0,0
2020,8.0,Dylan,89.0,Hayden,132.0,-43.0,Loss,Regular,0,0
2020,8.0,Luca,88.2,Evan,141.2,-52.999999999999986,Loss,Regular,0,0
2020,8.0,Nate,82.2,Matt,122.8,-40.599999999999994,Loss,Regular,0,1
2020,9.0,Cody,195.8,Hayden,105.3,90.50000000000001,Win,Regular,1,0
2020,9.0,Zachary,181.3,Luca,105.8,75.50000000000001,Win,Regular,0,0
2020,9.0,Gavin,138.1,Matt,107.6,30.5,Win,Regular,0,0
2020,9.0,Alexander,125.8,Evan,106.4,19.39999999999999,Win,Regular,0,0
2020,9.0,Nate,120.3,Dylan,112.2,8.099999999999994,Win,Regular,0,0
2020,9.0,Dylan,112.2,Nate,120.3,-8.099999999999994,Loss,Regular,0,0
2020,9.0,Matt,107.6,Gavin,138.1,-30.5,Loss,Regular,0,0
2020,9.0,Evan,106.4,Alexander,125.8,-19.39999999999999,Loss,Regular,0,0
2020,9.0,Luca,105.8,Zachary,181.3,-75.50000000000001,Loss,Regular,0,0
2020,9.0,Hayden,105.3,Cody,195.8,-90.50000000000001,Loss,Regular,0,1
2020,10.0,Hayden,162.2,Matt,133.7,28.5,Win,Regular,1,0
2020,10.0,Dylan,160.0,Alexander,129.5,30.5,Win,Regular,0,0
2020,10.0,Nate,136.6,Zachary,128.3,8.299999999999983,Win,Regular,0,0
2020,10.0,Matt,133.7,Hayden,162.2,-28.5,Loss,Regular,0,0
2020,10.0,Luca,129.6,Cody,107.8,21.799999999999997,Win,Regular,0,0
2020,10.0,Alexander,129.5,Dylan,160.0,-30.5,Loss,Regular,0,0
2020,10.0,Zachary,128.3,Nate,136.6,-8.299999999999983,Loss,Regular,0,0
2020,10.0,Evan,108.0,Gavin,81.6,26.400000000000006,Win,Regular,0,0
2020,10.0,Cody,107.8,Luca,129.6,-21.799999999999997,Loss,Regular,0,0
2020,10.0,Gavin,81.6,Evan,108.0,-26.400000000000006,Loss,Regular,0,1
2020,11.0,Zachary,167.8,Alexander,115.9,51.900000000000006,Win,Regular,1,0
2020,11.0,Hayden,156.7,Evan,154.8,1.8999999999999773,Win,Regular,0,0
2020,11.0,Evan,154.8,Hayden,156.7,-1.8999999999999773,Loss,Regular,0,0
2020,11.0,Cody,140.3,Nate,110.0,30.30000000000001,Win,Regular,0,0
2020,11.0,Luca,136.1,Matt,128.3,7.799999999999983,Win,Regular,0,0
2020,11.0,Dylan,129.9,Gavin,129.5,0.4000000000000057,Win,Regular,0,0
2020,11.0,Gavin,129.5,Dylan,129.9,-0.4000000000000057,Loss,Regular,0,0
2020,11.0,Matt,128.3,Luca,136.1,-7.799999999999983,Loss,Regular,0,0
2020,11.0,Alexander,115.9,Zachary,167.8,-51.900000000000006,Loss,Regular,0,0
2020,11.0,Nate,110.0,Cody,140.3,-30.30000000000001,Loss,Regular,0,1
2020,12.0,Dylan,185.6,Hayden,87.1,98.5,Win,Regular,1,0
2020,12.0,Nate,173.0,Matt,114.5,58.5,Win,Regular,0,0
2020,12.0,Evan,172.2,Luca,102.0,70.19999999999999,Win,Regular,0,0
2020,12.0,Alexander,164.0,Cody,159.9,4.099999999999994,Win,Regular,0,0
2020,12.0,Cody,159.9,Alexander,164.0,-4.099999999999994,Loss,Regular,0,0
2020,12.0,Gavin,145.6,Zachary,138.9,6.699999999999989,Win,Regular,0,0
2020,12.0,Zachary,138.9,Gavin,145.6,-6.699999999999989,Loss,Regular,0,0
2020,12.0,Matt,114.5,Nate,173.0,-58.5,Loss,Regular,0,0
2020,12.0,Luca,102.0,Evan,172.2,-70.19999999999999,Loss,Regular,0,0
2020,12.0,Hayden,87.1,Dylan,185.6,-98.5,Loss,Regular,0,1
2020,13.0,Dylan,159.0,Hayden,106.1,52.900000000000006,Win,Regular,1,0
2020,13.0,Matt,156.3,Evan,96.5,59.80000000000001,Win,Regular,0,0
2020,13.0,Cody,155.5,Zachary,134.7,20.80000000000001,Win,Regular,0,0
2020,13.0,Alexander,146.5,Gavin,145.5,1.0,Win,Regular,0,0
2020,13.0,Gavin,145.5,Alexander,146.5,-1.0,Loss,Regular,0,0
2020,13.0,Zachary,134.7,Cody,155.5,-20.80000000000001,Loss,Regular,0,0
2020,13.0,Luca,134.3,Nate,132.9,1.4000000000000057,Win,Regular,0,0
2020,13.0,Nate,132.9,Luca,134.3,-1.4000000000000057,Loss,Regular,0,0
2020,13.0,Hayden,106.1,Dylan,159.0,-52.900000000000006,Loss,Regular,0,0
2020,13.0,Evan,96.5,Matt,156.3,-59.80000000000001,Loss,Regular,0,1
2020,14.0,Matt,155.9,Cody,153.1,2.8000000000000114,Win,Playoff,1,0
2020,14.0,Cody,153.1,Matt,155.9,-2.8000000000000114,Loss,Playoff,0,0
2020,14.0,Hayden,145.0,Evan,139.2,5.800000000000011,Win,Playoff,0,0
2020,14.0,Evan,139.2,Hayden,145.0,-5.800000000000011,Loss,Playoff,0,1
2020,15.0,Matt,181.0,Dylan,115.5,65.5,Win,Playoff,1,0
2020,15.0,Luca,132.1,Hayden,114.3,17.799999999999997,Win,Playoff,0,0
2020,15.0,Dylan,115.5,Matt,181.0,-65.5,Loss,Playoff,0,0
2020,15.0,Hayden,114.3,Luca,132.1,-17.799999999999997,Loss,Playoff,0,1
2020,16.0,Matt,189.2,Luca,156.8,32.39999999999998,Win,Playoff,1,0
2020,16.0,Luca,156.8,Matt,189.2,-32.39999999999998,Loss,Playoff,0,1
2021,1.0,Cody,153.8,Alexander,139.1,14.700000000000017,Win,Regular,1,0
2021,1.0,Zachary,144.3,Gavin,132.0,12.300000000000011,Win,Regular,0,0
2021,1.0,Matt,143.7,Hayden,134.3,9.399999999999977,Win,Regular,0,0
2021,1.0,Alexander,139.1,Cody,153.8,-14.700000000000017,Loss,Regular,0,0
2021,1.0,Dylan,137.7,Evan,137.4,0.29999999999998295,Win,Regular,0,0
2021,1.0,Evan,137.4,Dylan,137.7,-0.29999999999998295,Loss,Regular,0,0
2021,1.0,Hayden,134.3,Matt,143.7,-9.399999999999977,Loss,Regular,0,0
2021,1.0,Gavin,132.0,Zachary,144.3,-12.300000000000011,Loss,Regular,0,0
2021,1.0,Nate,131.5,Luca,96.9,34.599999999999994,Win,Regular,0,0
2021,1.0,Luca,96.9,Nate,131.5,-34.599999999999994,Loss,Regular,0,1
2021,2.0,Gavin,198.4,Luca,112.0,86.4,Win,Regular,1,0
2021,2.0,Hayden,156.3,Evan,108.7,47.60000000000001,Win,Regular,0,0
2021,2.0,Alexander,148.0,Matt,117.6,30.400000000000006,Win,Regular,0,0
2021,2.0,Dylan,146.0,Nate,104.0,42.0,Win,Regular,0,0
2021,2.0,Cody,144.6,Zachary,127.8,16.799999999999997,Win,Regular,0,0
2021,2.0,Zachary,127.8,Cody,144.6,-16.799999999999997,Loss,Regular,0,0
2021,2.0,Matt,117.6,Alexander,148.0,-30.400000000000006,Loss,Regular,0,0
2021,2.0,Luca,112.0,Gavin,198.4,-86.4,Loss,Regular,0,0
2021,2.0,Evan,108.7,Hayden,156.3,-47.60000000000001,Loss,Regular,0,0
2021,2.0,Nate,104.0,Dylan,146.0,-42.0,Loss,Regular,0,1
2021,3.0,Cody,159.6,Luca,159.5,0.09999999999999432,Win,Regular,1,0
2021,3.0,Luca,159.5,Cody,159.6,-0.09999999999999432,Loss,Regular,0,0
2021,3.0,Gavin,158.2,Nate,107.6,50.599999999999994,Win,Regular,0,0
2021,3.0,Evan,147.4,Alexander,104.5,42.900000000000006,Win,Regular,0,0
2021,3.0,Matt,128.8,Zachary,100.8,28.000000000000014,Win,Regular,0,0
2021,3.0,Hayden,122.6,Dylan,106.6,16.0,Win,Regular,0,0
2021,3.0,Nate,107.6,Gavin,158.2,-50.599999999999994,Loss,Regular,0,0
2021,3.0,Dylan,106.6,Hayden,122.6,-16.0,Loss,Regular,0,0
2021,3.0,Alexander,104.5,Evan,147.4,-42.900000000000006,Loss,Regular,0,0
2021,3.0,Zachary,100.8,Matt,128.8,-28.000000000000014,Loss,Regular,0,1
2021,4.0,Evan,156.3,Matt,101.0,55.30000000000001,Win,Regular,1,0
2021,4.0,Zachary,152.8,Luca,104.9,47.900000000000006,Win,Regular,0,0
2021,4.0,Hayden,148.2,Gavin,141.7,6.5,Win,Regular,0,0
2021,4.0,Alexander,143.9,Dylan,94.9,49.0,Win,Regular,0,0
2021,4.0,Gavin,141.7,Hayden,148.2,-6.5,Loss,Regular,0,0
2021,4.0,Nate,114.1,Cody,104.2,9.899999999999991,Win,Regular,0,0
2021,4.0,Luca,104.9,Zachary,152.8,-47.900000000000006,Loss,Regular,0,0
2021,4.0,Cody,104.2,Nate,114.1,-9.899999999999991,Loss,Regular,0,0
2021,4.0,Matt,101.0,Evan,156.3,-55.30000000000001,Loss,Regular,0,0
2021,4.0,Dylan,94.9,Alexander,143.9,-49.0,Loss,Regular,0,1
2021,5.0,Cody,183.6,Gavin,161.3,22.299999999999983,Win,Regular,1,0
2021,5.0,Evan,183.0,Luca,152.7,30.30000000000001,Win,Regular,0,0
2021,5.0,Dylan,178.2,Matt,109.9,68.29999999999998,Win,Regular,0,0
2021,5.0,Gavin,161.3,Cody,183.6,-22.299999999999983,Loss,Regular,0,0
2021,5.0,Luca,152.7,Evan,183.0,-30.30000000000001,Loss,Regular,0,0
2021,5.0,Zachary,137.6,Nate,119.3,18.299999999999997,Win,Regular,0,0
2021,5.0,Nate,119.3,Zachary,137.6,-18.299999999999997,Loss,Regular,0,0
2021,5.0,Alexander,111.5,Hayden,102.0,9.5,Win,Regular,0,0
2021,5.0,Matt,109.9,Dylan,178.2,-68.29999999999998,Loss,Regular,0,0
2021,5.0,Hayden,102.0,Alexander,111.5,-9.5,Loss,Regular,0,1
2021,6.0,Zachary,177.1,Hayden,102.3,74.8,Win,Regular,1,0
2021,6.0,Cody,152.5,Dylan,129.0,23.5,Win,Regular,0,0
2021,6.0,Matt,152.2,Nate,120.9,31.299999999999983,Win,Regular,0,0
2021,6.0,Gavin,147.0,Evan,115.5,31.5,Win,Regular,0,0
2021,6.0,Alexander,136.3,Luca,113.5,22.80000000000001,Win,Regular,0,0
2021,6.0,Dylan,129.0,Cody,152.5,-23.5,Loss,Regular,0,0
2021,6.0,Nate,120.9,Matt,152.2,-31.299999999999983,Loss,Regular,0,0
2021,6.0,Evan,115.5,Gavin,147.0,-31.5,Loss,Regular,0,0
2021,6.0,Luca,113.5,Alexander,136.3,-22.80000000000001,Loss,Regular,0,0
2021,6.0,Hayden,102.3,Zachary,177.1,-74.8,Loss,Regular,0,1
2021,7.0,Gavin,170.9,Alexander,139.6,31.30000000000001,Win,Regular,1,0
2021,7.0,Luca,161.7,Dylan,106.6,55.099999999999994,Win,Regular,0,0
2021,7.0,Alexander,139.6,Gavin,170.9,-31.30000000000001,Loss,Regular,0,0
2021,7.0,Nate,133.7,Hayden,117.0,16.69999999999999,Win,Regular,0,0
2021,7.0,Evan,128.1,Zachary,126.6,1.5,Win,Regular,0,0
2021,7.0,Zachary,126.6,Evan,128.1,-1.5,Loss,Regular,0,0
2021,7.0,Cody,123.4,Matt,95.2,28.200000000000003,Win,Regular,0,0
2021,7.0,Hayden,117.0,Nate,133.7,-16.69999999999999,Loss,Regular,0,0
2021,7.0,Dylan,106.6,Luca,161.7,-55.099999999999994,Loss,Regular,0,0
2021,7.0,Matt,95.2,Cody,123.4,-28.200000000000003,Loss,Regular,0,1
2021,8.0,Nate,146.1,Evan,113.8,32.3,Win,Regular,1,0
2021,8.0,Cody,143.0,Hayden,104.4,38.599999999999994,Win,Regular,0,0
2021,8.0,Gavin,141.1,Dylan,113.2,27.89999999999999,Win,Regular,0,0
2021,8.0,Luca,121.4,Matt,96.4,25.0,Win,Regular,0,0
2021,8.0,Zachary,115.7,Alexander,99.7,16.0,Win,Regular,0,0
2021,8.0,Evan,113.8,Nate,146.1,-32.3,Loss,Regular,0,0
2021,8.0,Dylan,113.2,Gavin,141.1,-27.89999999999999,Loss,Regular,0,0
2021,8.0,Hayden,104.4,Cody,143.0,-38.599999999999994,Loss,Regular,0,0
2021,8.0,Alexander,99.7,Zachary,115.7,-16.0,Loss,Regular,0,0
2021,8.0,Matt,96.4,Luca,121.4,-25.0,Loss,Regular,0,1
2021,9.0,Dylan,161.5,Matt,94.4,67.1,Win,Regular,1,0
2021,9.0,Evan,132.0,Cody,96.7,35.3,Win,Regular,0,0
2021,9.0,Zachary,130.9,Gavin,96.8,34.10000000000001,Win,Regular,0,0
2021,9.0,Hayden,110.6,Alexander,100.9,9.699999999999989,Win,Regular,0,0
2021,9.0,Luca,109.9,Nate,104.5,5.400000000000006,Win,Regular,0,0
2021,9.0,Nate,104.5,Luca,109.9,-5.400000000000006,Loss,Regular,0,0
2021,9.0,Alexander,100.9,Hayden,110.6,-9.699999999999989,Loss,Regular,0,0
2021,9.0,Gavin,96.8,Zachary,130.9,-34.10000000000001,Loss,Regular,0,0
2021,9.0,Cody,96.7,Evan,132.0,-35.3,Loss,Regular,0,0
2021,9.0,Matt,94.4,Dylan,161.5,-67.1,Loss,Regular,0,1
2021,10.0,Zachary,144.0,Cody,111.2,32.8,Win,Regular,1,0
2021,10.0,Evan,138.7,Dylan,127.5,11.199999999999989,Win,Regular,0,0
2021,10.0,Nate,135.6,Alexander,133.5,2.0999999999999943,Win,Regular,0,0
2021,10.0,Alexander,133.5,Nate,135.6,-2.0999999999999943,Loss,Regular,0,0
2021,10.0,Dylan,127.5,Evan,138.7,-11.199999999999989,Loss,Regular,0,0
2021,10.0,Matt,124.7,Hayden,74.5,50.2,Win,Regular,0,0
2021,10.0,Gavin,115.5,Luca,110.6,4.900000000000006,Win,Regular,0,0
2021,10.0,Cody,111.2,Zachary,144.0,-32.8,Loss,Regular,0,0
2021,10.0,Luca,110.6,Gavin,115.5,-4.900000000000006,Loss,Regular,0,0
2021,10.0,Hayden,74.5,Matt,124.7,-50.2,Loss,Regular,0,1
2021,11.0,Evan,161.8,Hayden,160.0,1.8000000000000114,Win,Regular,1,0
2021,11.0,Hayden,160.0,Evan,161.8,-1.8000000000000114,Loss,Regular,0,0
2021,11.0,Dylan,158.3,Zachary,105.5,52.80000000000001,Win,Regular,0,0
2021,11.0,Gavin,140.7,Nate,103.1,37.599999999999994,Win,Regular,0,0
2021,11.0,Cody,121.2,Luca,87.5,33.7,Win,Regular,0,0
2021,11.0,Zachary,105.5,Dylan,158.3,-52.80000000000001,Loss,Regular,0,0
2021,11.0,Nate,103.1,Gavin,140.7,-37.599999999999994,Loss,Regular,0,0
2021,11.0,Alexander,97.6,Matt,94.7,2.8999999999999915,Win,Regular,0,0
2021,11.0,Matt,94.7,Alexander,97.6,-2.8999999999999915,Loss,Regular,0,0
2021,11.0,Luca,87.5,Cody,121.2,-33.7,Loss,Regular,0,1
2021,12.0,Luca,139.1,Zachary,114.4,24.69999999999999,Win,Regular,1,0
2021,12.0,Nate,135.6,Cody,116.2,19.39999999999999,Win,Regular,0,0
2021,12.0,Matt,135.4,Gavin,108.0,27.400000000000006,Win,Regular,0,0
2021,12.0,Evan,130.0,Alexander,114.9,15.099999999999994,Win,Regular,0,0
2021,12.0,Cody,116.2,Nate,135.6,-19.39999999999999,Loss,Regular,0,0
2021,12.0,Alexander,114.9,Evan,130.0,-15.099999999999994,Loss,Regular,0,0
2021,12.0,Zachary,114.4,Luca,139.1,-24.69999999999999,Loss,Regular,0,0
2021,12.0,Gavin,108.0,Matt,135.4,-27.400000000000006,Loss,Regular,0,0
2021,12.0,Hayden,107.0,Dylan,91.6,15.400000000000006,Win,Regular,0,0
2021,12.0,Dylan,91.6,Hayden,107.0,-15.400000000000006,Loss,Regular,0,1
2021,13.0,Hayden,148.0,Luca,110.0,38.0,Win,Regular,1,0
2021,13.0,Matt,140.1,Evan,110.1,30.0,Win,Regular,0,0
2021,13.0,Alexander,139.6,Dylan,115.9,23.69999999999999,Win,Regular,0,0
2021,13.0,Zachary,137.9,Nate,118.7,19.200000000000003,Win,Regular,0,0
2021,13.0,Cody,132.0,Gavin,115.9,16.099999999999994,Win,Regular,0,0
2021,13.0,Nate,118.7,Zachary,137.9,-19.200000000000003,Loss,Regular,0,0
2021,13.0,Gavin,115.9,Cody,132.0,-16.099999999999994,Loss,Regular,0,0
2021,13.0,Dylan,115.9,Alexander,139.6,-23.69999999999999,Loss,Regular,0,0
2021,13.0,Evan,110.1,Matt,140.1,-30.0,Loss,Regular,0,0
2021,13.0,Luca,110.0,Hayden,148.0,-38.0,Loss,Regular,0,1
2021,14.0,Gavin,168.4,Hayden,154.2,14.200000000000017,Win,Regular,1,0
2021,14.0,Hayden,154.2,Gavin,168.4,-14.200000000000017,Loss,Regular,0,0
2021,14.0,Luca,153.4,Evan,108.4,45.0,Win,Regular,0,0
2021,14.0,Cody,142.9,Alexander,130.4,12.5,Win,Regular,0,0
2021,14.0,Zachary,142.0,Matt,100.4,41.599999999999994,Win,Regular,0,0
2021,14.0,Alexander,130.4,Cody,142.9,-12.5,Loss,Regular,0,0
2021,14.0,Evan,108.4,Luca,153.4,-45.0,Loss,Regular,0,0
2021,14.0,Nate,107.7,Dylan,101.3,6.400000000000006,Win,Regular,0,0
2021,14.0,Dylan,101.3,Nate,107.7,-6.400000000000006,Loss,Regular,0,0
2021,14.0,Matt,100.4,Zachary,142.0,-41.599999999999994,Loss,Regular,0,1
2021,15.0,Gavin,146.2,Nate,98.2,47.999999999999986,Win,Playoff,1,0
2021,15.0,Zachary,105.1,Hayden,81.6,23.5,Win,Playoff,0,0
2021,15.0,Nate,98.2,Gavin,146.2,-47.999999999999986,Loss,Playoff,0,0
2021,15.0,Hayden,81.6,Zachary,105.1,-23.5,Loss,Playoff,0,1
2021,16.0,Gavin,148.1,Cody,121.0,27.099999999999994,Win,Playoff,1,0
2021,16.0,Evan,132.2,Zachary,127.8,4.3999999999999915,Win,Playoff,0,0
2021,16.0,Zachary,127.8,Evan,132.2,-4.3999999999999915,Loss,Playoff,0,0
2021,16.0,Cody,121.0,Gavin,148.1,-27.099999999999994,Loss,Playoff,0,1
2021,17.0,Gavin,175.4,Evan,143.1,32.30000000000001,Win,Playoff,1,0
2021,17.0,Evan,143.1,Gavin,175.4,-32.30000000000001,Loss,Playoff,0,1
2022,1.0,Matt,149.3,Hayden,82.1,67.20000000000002,Win,Regular,1,0
2022,1.0,Alexander,146.7,Cody,144.4,2.299999999999983,Win,Regular,0,0
2022,1.0,Cody,144.4,Alexander,146.7,-2.299999999999983,Loss,Regular,0,0
2022,1.0,Nate,133.2,Luca,107.1,26.099999999999994,Win,Regular,0,0
2022,1.0,Evan,132.0,Dylan,115.3,16.700000000000003,Win,Regular,0,0
2022,1.0,Zachary,127.85,Gavin,101.9,25.94999999999999,Win,Regular,0,0
2022,1.0,Dylan,115.3,Evan,132.0,-16.700000000000003,Loss,Regular,0,0
2022,1.0,Luca,107.1,Nate,133.2,-26.099999999999994,Loss,Regular,0,0
2022,1.0,Gavin,101.9,Zachary,127.85,-25.94999999999999,Loss,Regular,0,0
2022,1.0,Hayden,82.1,Matt,149.3,-67.20000000000002,Loss,Regular,0,1
2022,2.0,Cody,174.05,Zachary,118.9,55.150000000000006,Win,Regular,1,0
2022,2.0,Hayden,168.8,Evan,136.7,32.10000000000002,Win,Regular,0,0
2022,2.0,Nate,136.8,Dylan,123.95,12.850000000000009,Win,Regular,0,0
2022,2.0,Evan,136.7,Hayden,168.8,-32.10000000000002,Loss,Regular,0,0
2022,2.0,Gavin,132.5,Luca,75.6,56.900000000000006,Win,Regular,0,0
2022,2.0,Matt,128.6,Alexander,128.3,0.29999999999998295,Win,Regular,0,0
2022,2.0,Alexander,128.3,Matt,128.6,-0.29999999999998295,Loss,Regular,0,0
2022,2.0,Dylan,123.95,Nate,136.8,-12.850000000000009,Loss,Regular,0,0
2022,2.0,Zachary,118.9,Cody,174.05,-55.150000000000006,Loss,Regular,0,0
2022,2.0,Luca,75.6,Gavin,132.5,-56.900000000000006,Loss,Regular,0,1
2022,3.0,Dylan,138.3,Hayden,112.6,25.700000000000017,Win,Regular,1,0
2022,3.0,Cody,137.0,Luca,117.2,19.799999999999997,Win,Regular,0,0
2022,3.0,Gavin,136.45,Nate,108.3,28.14999999999999,Win,Regular,0,0
2022,3.0,Zachary,117.7,Matt,97.9,19.799999999999997,Win,Regular,0,0
2022,3.0,Luca,117.2,Cody,137.0,-19.799999999999997,Loss,Regular,0,0
2022,3.0,Hayden,112.6,Dylan,138.3,-25.700000000000017,Loss,Regular,0,0
2022,3.0,Nate,108.3,Gavin,136.45,-28.14999999999999,Loss,Regular,0,0
2022,3.0,Evan,107.35,Alexander,87.0,20.349999999999994,Win,Regular,0,0
2022,3.0,Matt,97.9,Zachary,117.7,-19.799999999999997,Loss,Regular,0,0
2022,3.0,Alexander,87.0,Evan,107.35,-20.349999999999994,Loss,Regular,0,1
2022,4.0,Luca,171.4,Zachary,142.7,28.700000000000017,Win,Regular,1,0
2022,4.0,Nate,160.05,Cody,148.6,11.450000000000017,Win,Regular,0,0
2022,4.0,Cody,148.6,Nate,160.05,-11.450000000000017,Loss,Regular,0,0
2022,4.0,Zachary,142.7,Luca,171.4,-28.700000000000017,Loss,Regular,0,0
2022,4.0,Dylan,129.1,Alexander,117.3,11.799999999999997,Win,Regular,0,0
2022,4.0,Hayden,121.1,Gavin,92.6,28.5,Win,Regular,0,0
2022,4.0,Alexander,117.3,Dylan,129.1,-11.799999999999997,Loss,Regular,0,0
2022,4.0,Matt,111.1,Evan,90.6,20.5,Win,Regular,0,0
2022,4.0,Gavin,92.6,Hayden,121.1,-28.5,Loss,Regular,0,0
2022,4.0,Evan,90.6,Matt,111.1,-20.5,Loss,Regular,0,1
2022,5.0,Cody,196.8,Gavin,147.6,49.20000000000002,Win,Regular,1,0
2022,5.0,Gavin,147.6,Cody,196.8,-49.20000000000002,Loss,Regular,0,0
2022,5.0,Dylan,140.55,Matt,88.9,51.650000000000006,Win,Regular,0,0
2022,5.0,Luca,139.2,Evan,108.05,31.14999999999999,Win,Regular,0,0
2022,5.0,Zachary,131.4,Nate,119.1,12.300000000000011,Win,Regular,0,0
2022,5.0,Nate,119.1,Zachary,131.4,-12.300000000000011,Loss,Regular,0,0
2022,5.0,Hayden,108.5,Alexander,105.3,3.200000000000003,Win,Regular,0,0
2022,5.0,Evan,108.05,Luca,139.2,-31.14999999999999,Loss,Regular,0,0
2022,5.0,Alexander,105.3,Hayden,108.5,-3.200000000000003,Loss,Regular,0,0
2022,5.0,Matt,88.9,Dylan,140.55,-51.650000000000006,Loss,Regular,0,1
2022,6.0,Zachary,138.5,Hayden,121.0,17.5,Win,Regular,1,0
2022,6.0,Gavin,136.4,Evan,116.4,20.0,Win,Regular,0,0
2022,6.0,Luca,123.55,Alexander,94.9,28.64999999999999,Win,Regular,0,0
2022,6.0,Dylan,122.1,Cody,120.2,1.8999999999999915,Win,Regular,0,0
2022,6.0,Hayden,121.0,Zachary,138.5,-17.5,Loss,Regular,0,0
2022,6.0,Cody,120.2,Dylan,122.1,-1.8999999999999915,Loss,Regular,0,0
2022,6.0,Evan,116.4,Gavin,136.4,-20.0,Loss,Regular,0,0
2022,6.0,Matt,104.55,Nate,93.2,11.349999999999994,Win,Regular,0,0
2022,6.0,Alexander,94.9,Luca,123.55,-28.64999999999999,Loss,Regular,0,0
2022,6.0,Nate,93.2,Matt,104.55,-11.349999999999994,Loss,Regular,0,1
2022,7.0,Luca,153.1,Dylan,105.85,47.25,Win,Regular,1,0
2022,7.0,Zachary,151.5,Evan,80.2,71.3,Win,Regular,0,0
2022,7.0,Gavin,146.6,Alexander,92.0,54.599999999999994,Win,Regular,0,0
2022,7.0,Hayden,138.2,Nate,118.1,20.099999999999994,Win,Regular,0,0
2022,7.0,Cody,121.85,Matt,105.8,16.049999999999997,Win,Regular,0,0
2022,7.0,Nate,118.1,Hayden,138.2,-20.099999999999994,Loss,Regular,0,0
2022,7.0,Dylan,105.85,Luca,153.1,-47.25,Loss,Regular,0,0
2022,7.0,Matt,105.8,Cody,121.85,-16.049999999999997,Loss,Regular,0,0
2022,7.0,Alexander,92.0,Gavin,146.6,-54.599999999999994,Loss,Regular,0,0
2022,7.0,Evan,80.2,Zachary,151.5,-71.3,Loss,Regular,0,1
2022,8.0,Gavin,183.6,Dylan,144.1,39.5,Win,Regular,1,0
2022,8.0,Luca,173.3,Matt,128.2,45.10000000000002,Win,Regular,0,0
2022,8.0,Dylan,144.1,Gavin,183.6,-39.5,Loss,Regular,0,0
2022,8.0,Alexander,134.6,Zachary,127.95,6.6499999999999915,Win,Regular,0,0
2022,8.0,Hayden,132.8,Cody,110.3,22.500000000000014,Win,Regular,0,0
2022,8.0,Matt,128.2,Luca,173.3,-45.10000000000002,Loss,Regular,0,0
2022,8.0,Zachary,127.95,Alexander,134.6,-6.6499999999999915,Loss,Regular,0,0
2022,8.0,Evan,123.25,Nate,120.9,2.3499999999999943,Win,Regular,0,0
2022,8.0,Nate,120.9,Evan,123.25,-2.3499999999999943,Loss,Regular,0,0
2022,8.0,Cody,110.3,Hayden,132.8,-22.500000000000014,Loss,Regular,0,1
2022,9.0,Nate,154.2,Luca,140.45,13.75,Win,Regular,1,0
2022,9.0,Zachary,146.15,Gavin,81.7,64.45,Win,Regular,0,0
2022,9.0,Luca,140.45,Nate,154.2,-13.75,Loss,Regular,0,0
2022,9.0,Cody,130.3,Evan,100.9,29.400000000000006,Win,Regular,0,0
2022,9.0,Hayden,124.6,Alexander,105.5,19.099999999999994,Win,Regular,0,0
2022,9.0,Matt,120.75,Dylan,70.1,50.650000000000006,Win,Regular,0,0
2022,9.0,Alexander,105.5,Hayden,124.6,-19.099999999999994,Loss,Regular,0,0
2022,9.0,Evan,100.9,Cody,130.3,-29.400000000000006,Loss,Regular,0,0
2022,9.0,Gavin,81.7,Zachary,146.15,-64.45,Loss,Regular,0,0
2022,9.0,Dylan,70.1,Matt,120.75,-50.650000000000006,Loss,Regular,0,1
2022,10.0,Matt,155.8,Hayden,82.3,73.50000000000001,Win,Regular,1,0
2022,10.0,Dylan,136.1,Evan,127.2,8.899999999999991,Win,Regular,0,0
2022,10.0,Evan,127.2,Dylan,136.1,-8.899999999999991,Loss,Regular,0,0
2022,10.0,Gavin,127.1,Luca,101.7,25.39999999999999,Win,Regular,0,0
2022,10.0,Alexander,123.9,Nate,117.25,6.650000000000006,Win,Regular,0,0
2022,10.0,Cody,119.0,Zachary,117.3,1.7000000000000028,Win,Regular,0,0
2022,10.0,Zachary,117.3,Cody,119.0,-1.7000000000000028,Loss,Regular,0,0
2022,10.0,Nate,117.25,Alexander,123.9,-6.650000000000006,Loss,Regular,0,0
2022,10.0,Luca,101.7,Gavin,127.1,-25.39999999999999,Loss,Regular,0,0
2022,10.0,Hayden,82.3,Matt,155.8,-73.50000000000001,Loss,Regular,0,1
2022,11.0,Zachary,145.0,Dylan,139.2,5.800000000000011,Win,Regular,1,0
2022,11.0,Dylan,139.2,Zachary,145.0,-5.800000000000011,Loss,Regular,0,0
2022,11.0,Luca,127.95,Cody,116.9,11.049999999999997,Win,Regular,0,0
2022,11.0,Gavin,127.75,Nate,92.2,35.55,Win,Regular,0,0
2022,11.0,Matt,125.6,Alexander,96.0,29.599999999999994,Win,Regular,0,0
2022,11.0,Hayden,124.55,Evan,108.4,16.14999999999999,Win,Regular,0,0
2022,11.0,Cody,116.9,Luca,127.95,-11.049999999999997,Loss,Regular,0,0
2022,11.0,Evan,108.4,Hayden,124.55,-16.14999999999999,Loss,Regular,0,0
2022,11.0,Alexander,96.0,Matt,125.6,-29.599999999999994,Loss,Regular,0,0
2022,11.0,Nate,92.2,Gavin,127.75,-35.55,Loss,Regular,0,1
2022,12.0,Cody,163.9,Nate,155.25,8.650000000000006,Win,Regular,1,0
2022,12.0,Nate,155.25,Cody,163.9,-8.650000000000006,Loss,Regular,0,0
2022,12.0,Gavin,145.5,Matt,131.7,13.800000000000011,Win,Regular,0,0
2022,12.0,Alexander,145.3,Evan,125.3,20.000000000000014,Win,Regular,0,0
2022,12.0,Matt,131.7,Gavin,145.5,-13.800000000000011,Loss,Regular,0,0
2022,12.0,Hayden,130.5,Dylan,127.2,3.299999999999997,Win,Regular,0,0
2022,12.0,Dylan,127.2,Hayden,130.5,-3.299999999999997,Loss,Regular,0,0
2022,12.0,Luca,125.8,Zachary,118.2,7.599999999999994,Win,Regular,0,0
2022,12.0,Evan,125.3,Alexander,145.3,-20.000000000000014,Loss,Regular,0,0
2022,12.0,Zachary,118.2,Luca,125.8,-7.599999999999994,Loss,Regular,0,1
2022,13.0,Matt,167.5,Evan,80.85,86.65,Win,Regular,1,0
2022,13.0,Cody,149.6,Gavin,119.2,30.39999999999999,Win,Regular,0,0
2022,13.0,Dylan,131.6,Alexander,126.3,5.299999999999997,Win,Regular,0,0
2022,13.0,Alexander,126.3,Dylan,131.6,-5.299999999999997,Loss,Regular,0,0
2022,13.0,Luca,119.9,Hayden,102.55,17.35000000000001,Win,Regular,0,0
2022,13.0,Gavin,119.2,Cody,149.6,-30.39999999999999,Loss,Regular,0,0
2022,13.0,Zachary,116.15,Nate,80.0,36.150000000000006,Win,Regular,0,0
2022,13.0,Hayden,102.55,Luca,119.9,-17.35000000000001,Loss,Regular,0,0
2022,13.0,Evan,80.85,Matt,167.5,-86.65,Loss,Regular,0,0
2022,13.0,Nate,80.0,Zachary,116.15,-36.150000000000006,Loss,Regular,0,1
2022,14.0,Hayden,149.75,Gavin,99.6,50.150000000000006,Win,Regular,1,0
2022,14.0,Dylan,131.4,Nate,99.2,32.2,Win,Regular,0,0
2022,14.0,Matt,127.2,Zachary,77.85,49.35000000000001,Win,Regular,0,0
2022,14.0,Cody,114.6,Alexander,106.4,8.199999999999989,Win,Regular,0,0
2022,14.0,Alexander,106.4,Cody,114.6,-8.199999999999989,Loss,Regular,0,0
2022,14.0,Evan,103.3,Luca,92.9,10.399999999999991,Win,Regular,0,0
2022,14.0,Gavin,99.6,Hayden,149.75,-50.150000000000006,Loss,Regular,0,0
2022,14.0,Nate,99.2,Dylan,131.4,-32.2,Loss,Regular,0,0
2022,14.0,Luca,92.9,Evan,103.3,-10.399999999999991,Loss,Regular,0,0
2022,14.0,Zachary,77.85,Matt,127.2,-49.35000000000001,Loss,Regular,0,1
2022,15.0,Alexander,154.75,Matt,120.7,34.05,Win,Regular,1,0
2022,15.0,Nate,154.5,Hayden,109.6,44.900000000000006,Win,Regular,0,0
2022,15.0,Gavin,147.3,Evan,107.8,39.500000000000014,Win,Regular,0,0
2022,15.0,Dylan,141.9,Zachary,128.95,12.950000000000017,Win,Regular,0,0
2022,15.0,Luca,132.75,Cody,113.5,19.25,Win,Regular,0,0
2022,15.0,Zachary,128.95,Dylan,141.9,-12.950000000000017,Loss,Regular,0,0
2022,15.0,Matt,120.7,Alexander,154.75,-34.05,Loss,Regular,0,0
2022,15.0,Cody,113.5,Luca,132.75,-19.25,Loss,Regular,0,0
2022,15.0,Hayden,109.6,Nate,154.5,-44.900000000000006,Loss,Regular,0,0
2022,15.0,Evan,107.8,Gavin,147.3,-39.500000000000014,Loss,Regular,0,1
2022,16.0,Luca,143.95,Gavin,138.15,5.799999999999983,Win,Playoff,1,0
2022,16.0,Gavin,138.15,Luca,143.95,-5.799999999999983,Loss,Playoff,0,0
2022,16.0,Matt,133.85,Cody,122.5,11.349999999999994,Win,Playoff,0,0
2022,16.0,Cody,122.5,Matt,133.85,-11.349999999999994,Loss,Playoff,0,1
2022,17.0,Luca,117.1,Matt,89.9,27.19999999999999,Win,Playoff,1,0
2022,17.0,Matt,89.9,Luca,117.1,-27.19999999999999,Loss,Playoff,0,1
2023,1.0,Evan,162.1,Dylan,116.4,45.69999999999999,Win,Regular,1,0
2023,1.0,Alexander,152.0,Cody,59.9,92.1,Win,Regular,0,0
2023,1.0,Zachary,144.9,Gavin,122.0,22.900000000000006,Win,Regular,0,0
2023,1.0,Nate,129.4,Luca,122.5,6.900000000000006,Win,Regular,0,0
2023,1.0,Luca,122.5,Nate,129.4,-6.900000000000006,Loss,Regular,0,0
2023,1.0,Gavin,122.0,Zachary,144.9,-22.900000000000006,Loss,Regular,0,0
2023,1.0,Dylan,116.4,Evan,162.1,-45.69999999999999,Loss,Regular,0,0
2023,1.0,Matt,112.1,Hayden,88.6,23.5,Win,Regular,0,0
2023,1.0,Hayden,88.6,Matt,112.1,-23.5,Loss,Regular,0,0
2023,1.0,Cody,59.9,Alexander,152.0,-92.1,Loss,Regular,0,1
2023,2.0,Cody,175.9,Zachary,105.3,70.60000000000001,Win,Regular,1,0
2023,2.0,Alexander,172.4,Matt,150.4,22.0,Win,Regular,0,0
2023,2.0,Matt,150.4,Alexander,172.4,-22.0,Loss,Regular,0,0
2023,2.0,Luca,144.9,Gavin,135.0,9.900000000000006,Win,Regular,0,0
2023,2.0,Dylan,138.3,Nate,133.4,4.900000000000006,Win,Regular,0,0
2023,2.0,Gavin,135.0,Luca,144.9,-9.900000000000006,Loss,Regular,0,0
2023,2.0,Nate,133.4,Dylan,138.3,-4.900000000000006,Loss,Regular,0,0
2023,2.0,Evan,123.0,Hayden,113.5,9.5,Win,Regular,0,0
2023,2.0,Hayden,113.5,Evan,123.0,-9.5,Loss,Regular,0,0
2023,2.0,Zachary,105.3,Cody,175.9,-70.60000000000001,Loss,Regular,0,1
2023,3.0,Hayden,182.2,Dylan,157.5,24.69999999999999,Win,Regular,1,0
2023,3.0,Matt,162.7,Zachary,132.2,30.5,Win,Regular,0,0
2023,3.0,Dylan,157.5,Hayden,182.2,-24.69999999999999,Loss,Regular,0,0
2023,3.0,Luca,151.1,Cody,140.2,10.900000000000006,Win,Regular,0,0
2023,3.0,Cody,140.2,Luca,151.1,-10.900000000000006,Loss,Regular,0,0
2023,3.0,Alexander,139.5,Evan,131.1,8.400000000000006,Win,Regular,0,0
2023,3.0,Nate,138.9,Gavin,130.6,8.300000000000011,Win,Regular,0,0
2023,3.0,Zachary,132.2,Matt,162.7,-30.5,Loss,Regular,0,0
2023,3.0,Evan,131.1,Alexander,139.5,-8.400000000000006,Loss,Regular,0,0
2023,3.0,Gavin,130.6,Nate,138.9,-8.300000000000011,Loss,Regular,0,1
2023,4.0,Nate,166.9,Cody,144.9,22.0,Win,Regular,1,0
2023,4.0,Evan,157.3,Matt,132.7,24.600000000000023,Win,Regular,0,0
2023,4.0,Gavin,155.2,Hayden,147.7,7.5,Win,Regular,0,0
2023,4.0,Hayden,147.7,Gavin,155.2,-7.5,Loss,Regular,0,0
2023,4.0,Cody,144.9,Nate,166.9,-22.0,Loss,Regular,0,0
2023,4.0,Luca,144.4,Zachary,103.1,41.30000000000001,Win,Regular,0,0
2023,4.0,Matt,132.7,Evan,157.3,-24.600000000000023,Loss,Regular,0,0
2023,4.0,Dylan,126.7,Alexander,93.7,33.0,Win,Regular,0,0
2023,4.0,Zachary,103.1,Luca,144.4,-41.30000000000001,Loss,Regular,0,0
2023,4.0,Alexander,93.7,Dylan,126.7,-33.0,Loss,Regular,0,1
2023,5.0,Hayden,171.4,Alexander,117.1,54.30000000000001,Win,Regular,1,0
2023,5.0,Matt,165.4,Dylan,146.8,18.599999999999994,Win,Regular,0,0
2023,5.0,Evan,163.5,Luca,134.0,29.5,Win,Regular,0,0
2023,5.0,Dylan,146.8,Matt,165.4,-18.599999999999994,Loss,Regular,0,0
2023,5.0,Cody,141.3,Gavin,125.6,15.700000000000017,Win,Regular,0,0
2023,5.0,Luca,134.0,Evan,163.5,-29.5,Loss,Regular,0,0
2023,5.0,Gavin,125.6,Cody,141.3,-15.700000000000017,Loss,Regular,0,0
2023,5.0,Alexander,117.1,Hayden,171.4,-54.30000000000001,Loss,Regular,0,0
2023,5.0,Nate,106.3,Zachary,97.5,8.799999999999997,Win,Regular,0,0
2023,5.0,Zachary,97.5,Nate,106.3,-8.799999999999997,Loss,Regular,0,1
2023,6.0,Gavin,174.0,Evan,114.7,59.3,Win,Regular,1,0
2023,6.0,Luca,138.5,Alexander,131.2,7.300000000000011,Win,Regular,0,0
2023,6.0,Hayden,138.4,Zachary,101.6,36.80000000000001,Win,Regular,0,0
2023,6.0,Dylan,135.9,Cody,108.2,27.700000000000003,Win,Regular,0,0
2023,6.0,Matt,131.8,Nate,119.3,12.500000000000014,Win,Regular,0,0
2023,6.0,Alexander,131.2,Luca,138.5,-7.300000000000011,Loss,Regular,0,0
2023,6.0,Nate,119.3,Matt,131.8,-12.500000000000014,Loss,Regular,0,0
2023,6.0,Evan,114.7,Gavin,174.0,-59.3,Loss,Regular,0,0
2023,6.0,Cody,108.2,Dylan,135.9,-27.700000000000003,Loss,Regular,0,0
2023,6.0,Zachary,101.6,Hayden,138.4,-36.80000000000001,Loss,Regular,0,1
2023,7.0,Nate,154.6,Hayden,146.0,8.599999999999994,Win,Regular,1,0
2023,7.0,Luca,153.2,Dylan,122.7,30.499999999999986,Win,Regular,0,0
2023,7.0,Hayden,146.0,Nate,154.6,-8.599999999999994,Loss,Regular,0,0
2023,7.0,Cody,137.1,Matt,130.0,7.099999999999994,Win,Regular,0,0
2023,7.0,Gavin,130.2,Alexander,115.7,14.499999999999986,Win,Regular,0,0
2023,7.0,Matt,130.0,Cody,137.1,-7.099999999999994,Loss,Regular,0,0
2023,7.0,Zachary,123.5,Evan,105.9,17.599999999999994,Win,Regular,0,0
2023,7.0,Dylan,122.7,Luca,153.2,-30.499999999999986,Loss,Regular,0,0
2023,7.0,Alexander,115.7,Gavin,130.2,-14.499999999999986,Loss,Regular,0,0
2023,7.0,Evan,105.9,Zachary,123.5,-17.599999999999994,Loss,Regular,0,1
2023,8.0,Gavin,189.1,Dylan,116.5,72.6,Win,Regular,1,0
2023,8.0,Alexander,160.8,Zachary,123.1,37.70000000000002,Win,Regular,0,0
2023,8.0,Hayden,156.8,Cody,138.0,18.80000000000001,Win,Regular,0,0
2023,8.0,Matt,150.9,Luca,115.5,35.400000000000006,Win,Regular,0,0
2023,8.0,Cody,138.0,Hayden,156.8,-18.80000000000001,Loss,Regular,0,0
2023,8.0,Evan,124.4,Nate,91.2,33.2,Win,Regular,0,0
2023,8.0,Zachary,123.1,Alexander,160.8,-37.70000000000002,Loss,Regular,0,0
2023,8.0,Dylan,116.5,Gavin,189.1,-72.6,Loss,Regular,0,0
2023,8.0,Luca,115.5,Matt,150.9,-35.400000000000006,Loss,Regular,0,0
2023,8.0,Nate,91.2,Evan,124.4,-33.2,Loss,Regular,0,1
2023,9.0,Zachary,149.5,Gavin,109.7,39.8,Win,Regular,1,0
2023,9.0,Dylan,138.7,Matt,117.4,21.299999999999983,Win,Regular,0,0
2023,9.0,Alexander,135.4,Hayden,126.8,8.600000000000009,Win,Regular,0,0
2023,9.0,Hayden,126.8,Alexander,135.4,-8.600000000000009,Loss,Regular,0,0
2023,9.0,Matt,117.4,Dylan,138.7,-21.299999999999983,Loss,Regular,0,0
2023,9.0,Luca,114.3,Nate,108.1,6.200000000000003,Win,Regular,0,0
2023,9.0,Gavin,109.7,Zachary,149.5,-39.8,Loss,Regular,0,0
2023,9.0,Cody,108.7,Evan,88.5,20.200000000000003,Win,Regular,0,0
2023,9.0,Nate,108.1,Luca,114.3,-6.200000000000003,Loss,Regular,0,0
2023,9.0,Evan,88.5,Cody,108.7,-20.200000000000003,Loss,Regular,0,1
2023,10.0,Alexander,170.4,Nate,124.8,45.60000000000001,Win,Regular,1,0
2023,10.0,Hayden,160.2,Matt,126.0,34.19999999999999,Win,Regular,0,0
2023,10.0,Gavin,152.3,Luca,151.6,0.700000000000017,Win,Regular,0,0
2023,10.0,Luca,151.6,Gavin,152.3,-0.700000000000017,Loss,Regular,0,0
2023,10.0,Cody,129.9,Zachary,110.6,19.30000000000001,Win,Regular,0,0
2023,10.0,Matt,126.0,Hayden,160.2,-34.19999999999999,Loss,Regular,0,0
2023,10.0,Nate,124.8,Alexander,170.4,-45.60000000000001,Loss,Regular,0,0
2023,10.0,Evan,114.5,Dylan,114.5,0.0,Tie,Regular,0,0
2023,10.0,Dylan,114.5,Evan,114.5,0.0,Tie,Regular,0,0
2023,10.0,Zachary,110.6,Cody,129.9,-19.30000000000001,Loss,Regular,0,1
2023,11.0,Matt,165.6,Alexander,142.9,22.69999999999999,Win,Regular,1,0
2023,11.0,Alexander,142.9,Matt,165.6,-22.69999999999999,Loss,Regular,0,0
2023,11.0,Zachary,139.7,Dylan,123.8,15.899999999999991,Win,Regular,0,0
2023,11.0,Hayden,130.3,Evan,127.3,3.000000000000014,Win,Regular,0,0
2023,11.0,Evan,127.3,Hayden,130.3,-3.000000000000014,Loss,Regular,0,0
2023,11.0,Nate,126.1,Gavin,119.5,6.599999999999994,Win,Regular,0,0
2023,11.0,Dylan,123.8,Zachary,139.7,-15.899999999999991,Loss,Regular,0,0
2023,11.0,Cody,121.2,Luca,107.5,13.700000000000003,Win,Regular,0,0
2023,11.0,Gavin,119.5,Nate,126.1,-6.599999999999994,Loss,Regular,0,0
2023,11.0,Luca,107.5,Cody,121.2,-13.700000000000003,Loss,Regular,0,1
2023,12.0,Luca,341.9,Cody,190.8,151.09999999999997,Win,Playoff,1,0
2023,12.0,Hayden,336.4,Gavin,290.1,46.299999999999955,Win,Playoff,0,0
2023,12.0,Alexander,308.6,Nate,307.9,0.7000000000000455,Win,Playoff,0,0
2023,12.0,Nate,307.9,Alexander,308.6,-0.7000000000000455,Loss,Playoff,0,0
2023,12.0,Gavin,290.1,Hayden,336.4,-46.299999999999955,Loss,Playoff,0,0
2023,12.0,Matt,280.7,Evan,215.2,65.5,Win,Playoff,0,0
2023,12.0,Evan,215.2,Matt,280.7,-65.5,Loss,Playoff,0,0
2023,12.0,Cody,190.8,Luca,341.9,-151.09999999999997,Loss,Playoff,0,1
2023,13.0,Luca,296.9,Hayden,283.1,13.799999999999955,Win,Playoff,1,0
2023,13.0,Hayden,283.1,Luca,296.9,-13.799999999999955,Loss,Playoff,0,0
2023,13.0,Alexander,266.8,Matt,261.1,5.699999999999989,Win,Playoff,0,0
2023,13.0,Matt,261.1,Alexander,266.8,-5.699999999999989,Loss,Playoff,0,1
2023,14.0,Alexander,268.8,Luca,255.2,13.600000000000023,Win,Playoff,1,0
2023,14.0,Luca,255.2,Alexander,268.8,-13.600000000000023,Loss,Playoff,0,1
2024,1.0,Hayden,156.9,Matt,143.5,13.400000000000006,Win,Regular,1,0
2024,1.0,Dylan,153.5,Evan,116.1,37.400000000000006,Win,Regular,0,0
2024,1.0,Zachary,149.2,Gavin,101.5,47.69999999999999,Win,Regular,0,0
2024,1.0,Matt,143.5,Hayden,156.9,-13.400000000000006,Loss,Regular,0,0
2024,1.0,Alexander,139.4,Cody,133.1,6.300000000000011,Win,Regular,0,0
2024,1.0,Cody,133.1,Alexander,139.4,-6.300000000000011,Loss,Regular,0,0
2024,1.0,Evan,116.1,Dylan,153.5,-37.400000000000006,Loss,Regular,0,0
2024,1.0,Luca,112.0,Nate,110.8,1.2000000000000028,Win,Regular,0,0
2024,1.0,Nate,110.8,Luca,112.0,-1.2000000000000028,Loss,Regular,0,0
2024,1.0,Gavin,101.5,Zachary,149.2,-47.69999999999999,Loss,Regular,0,1
2024,2.0,Hayden,163.7,Evan,131.6,32.099999999999994,Win,Regular,1,0
2024,2.0,Matt,159.8,Alexander,123.8,36.000000000000014,Win,Regular,0,0
2024,2.0,Dylan,148.4,Nate,133.6,14.800000000000011,Win,Regular,0,0
2024,2.0,Gavin,148.2,Luca,76.8,71.39999999999999,Win,Regular,0,0
2024,2.0,Nate,133.6,Dylan,148.4,-14.800000000000011,Loss,Regular,0,0
2024,2.0,Evan,131.6,Hayden,163.7,-32.099999999999994,Loss,Regular,0,0
2024,2.0,Alexander,123.8,Matt,159.8,-36.000000000000014,Loss,Regular,0,0
2024,2.0,Zachary,120.1,Cody,109.5,10.599999999999994,Win,Regular,0,0
2024,2.0,Cody,109.5,Zachary,120.1,-10.599999999999994,Loss,Regular,0,0
2024,2.0,Luca,76.8,Gavin,148.2,-71.39999999999999,Loss,Regular,0,1
2024,3.0,Cody,152.8,Luca,109.5,43.30000000000001,Win,Regular,1,0
2024,3.0,Dylan,142.5,Hayden,134.8,7.699999999999989,Win,Regular,0,0
2024,3.0,Hayden,134.8,Dylan,142.5,-7.699999999999989,Loss,Regular,0,0
2024,3.0,Gavin,125.7,Nate,118.2,7.5,Win,Regular,0,0
2024,3.0,Evan,120.5,Alexander,114.7,5.799999999999997,Win,Regular,0,0
2024,3.0,Zachary,118.8,Matt,116.2,2.5999999999999943,Win,Regular,0,0
2024,3.0,Nate,118.2,Gavin,125.7,-7.5,Loss,Regular,0,0
2024,3.0,Matt,116.2,Zachary,118.8,-2.5999999999999943,Loss,Regular,0,0
2024,3.0,Alexander,114.7,Evan,120.5,-5.799999999999997,Loss,Regular,0,0
2024,3.0,Luca,109.5,Cody,152.8,-43.30000000000001,Loss,Regular,0,1
2024,4.0,Gavin,145.7,Hayden,142.8,2.8999999999999773,Win,Regular,1,0
2024,4.0,Hayden,142.8,Gavin,145.7,-2.8999999999999773,Loss,Regular,0,0
2024,4.0,Nate,142.4,Cody,130.3,12.099999999999994,Win,Regular,0,0
2024,4.0,Luca,133.8,Zachary,106.0,27.80000000000001,Win,Regular,0,0
2024,4.0,Cody,130.3,Nate,142.4,-12.099999999999994,Loss,Regular,0,0
2024,4.0,Evan,130.2,Matt,112.9,17.299999999999983,Win,Regular,0,0
2024,4.0,Alexander,121.6,Dylan,114.2,7.3999999999999915,Win,Regular,0,0
2024,4.0,Dylan,114.2,Alexander,121.6,-7.3999999999999915,Loss,Regular,0,0
2024,4.0,Matt,112.9,Evan,130.2,-17.299999999999983,Loss,Regular,0,0
2024,4.0,Zachary,106.0,Luca,133.8,-27.80000000000001,Loss,Regular,0,1
2024,5.0,Evan,203.7,Luca,136.1,67.6,Win,Regular,1,0
2024,5.0,Matt,184.6,Dylan,126.8,57.8,Win,Regular,0,0
2024,5.0,Zachary,168.4,Nate,114.7,53.7,Win,Regular,0,0
2024,5.0,Luca,136.1,Evan,203.7,-67.6,Loss,Regular,0,0
2024,5.0,Gavin,129.7,Cody,119.1,10.599999999999994,Win,Regular,0,0
2024,5.0,Dylan,126.8,Matt,184.6,-57.8,Loss,Regular,0,0
2024,5.0,Cody,119.1,Gavin,129.7,-10.599999999999994,Loss,Regular,0,0
2024,5.0,Nate,114.7,Zachary,168.4,-53.7,Loss,Regular,0,0
2024,5.0,Alexander,114.5,Hayden,111.6,2.9000000000000057,Win,Regular,0,0
2024,5.0,Hayden,111.6,Alexander,114.5,-2.9000000000000057,Loss,Regular,0,1
2024,6.0,Matt,194.5,Nate,71.3,123.2,Win,Regular,1,0
2024,6.0,Luca,175.4,Alexander,151.6,23.80000000000001,Win,Regular,0,0
2024,6.0,Gavin,161.5,Evan,120.0,41.5,Win,Regular,0,0
2024,6.0,Alexander,151.6,Luca,175.4,-23.80000000000001,Loss,Regular,0,0
2024,6.0,Cody,148.6,Dylan,144.1,4.5,Win,Regular,0,0
2024,6.0,Dylan,144.1,Cody,148.6,-4.5,Loss,Regular,0,0
2024,6.0,Hayden,141.2,Zachary,105.2,35.999999999999986,Win,Regular,0,0
2024,6.0,Evan,120.0,Gavin,161.5,-41.5,Loss,Regular,0,0
2024,6.0,Zachary,105.2,Hayden,141.2,-35.999999999999986,Loss,Regular,0,0
2024,6.0,Nate,71.3,Matt,194.5,-123.2,Loss,Regular,0,1
2024,7.0,Luca,168.3,Dylan,134.6,33.70000000000002,Win,Regular,1,0
2024,7.0,Matt,142.0,Cody,112.8,29.200000000000003,Win,Regular,0,0
2024,7.0,Dylan,134.6,Luca,168.3,-33.70000000000002,Loss,Regular,0,0
2024,7.0,Evan,122.9,Zachary,110.2,12.700000000000003,Win,Regular,0,0
2024,7.0,Hayden,117.6,Nate,110.6,7.0,Win,Regular,0,0
2024,7.0,Cody,112.8,Matt,142.0,-29.200000000000003,Loss,Regular,0,0
2024,7.0,Alexander,112.6,Gavin,104.6,8.0,Win,Regular,0,0
2024,7.0,Nate,110.6,Hayden,117.6,-7.0,Loss,Regular,0,0
2024,7.0,Zachary,110.2,Evan,122.9,-12.700000000000003,Loss,Regular,0,0
2024,7.0,Gavin,104.6,Alexander,112.6,-8.0,Loss,Regular,0,1
2024,8.0,Evan,186.5,Nate,143.6,42.900000000000006,Win,Regular,1,0
2024,8.0,Gavin,172.2,Dylan,146.7,25.5,Win,Regular,0,0
2024,8.0,Matt,156.5,Luca,155.4,1.0999999999999943,Win,Regular,0,0
2024,8.0,Luca,155.4,Matt,156.5,-1.0999999999999943,Loss,Regular,0,0
2024,8.0,Alexander,152.4,Zachary,140.0,12.400000000000006,Win,Regular,0,0
2024,8.0,Dylan,146.7,Gavin,172.2,-25.5,Loss,Regular,0,0
2024,8.0,Nate,143.6,Evan,186.5,-42.900000000000006,Loss,Regular,0,0
2024,8.0,Zachary,140.0,Alexander,152.4,-12.400000000000006,Loss,Regular,0,0
2024,8.0,Cody,122.9,Hayden,104.0,18.900000000000006,Win,Regular,0,0
2024,8.0,Hayden,104.0,Cody,122.9,-18.900000000000006,Loss,Regular,0,1
2024,9.0,Matt,179.3,Dylan,150.2,29.100000000000023,Win,Regular,1,0
2024,9.0,Hayden,176.9,Alexander,128.7,48.20000000000002,Win,Regular,0,0
2024,9.0,Dylan,150.2,Matt,179.3,-29.100000000000023,Loss,Regular,0,0
2024,9.0,Nate,145.1,Luca,125.7,19.39999999999999,Win,Regular,0,0
2024,9.0,Evan,141.1,Cody,114.6,26.5,Win,Regular,0,0
2024,9.0,Alexander,128.7,Hayden,176.9,-48.20000000000002,Loss,Regular,0,0
2024,9.0,Luca,125.7,Nate,145.1,-19.39999999999999,Loss,Regular,0,0
2024,9.0,Zachary,124.5,Gavin,92.2,32.3,Win,Regular,0,0
2024,9.0,Cody,114.6,Evan,141.1,-26.5,Loss,Regular,0,0
2024,9.0,Gavin,92.2,Zachary,124.5,-32.3,Loss,Regular,0,1
2024,10.0,Cody,153.4,Zachary,102.8,50.60000000000001,Win,Regular,1,0
2024,10.0,Evan,139.6,Dylan,125.2,14.399999999999991,Win,Regular,0,0
2024,10.0,Matt,138.2,Hayden,99.9,38.29999999999998,Win,Regular,0,0
2024,10.0,Gavin,137.7,Luca,135.2,2.5,Win,Regular,0,0
2024,10.0,Luca,135.2,Gavin,137.7,-2.5,Loss,Regular,0,0
2024,10.0,Alexander,127.9,Nate,110.5,17.400000000000006,Win,Regular,0,0
2024,10.0,Dylan,125.2,Evan,139.6,-14.399999999999991,Loss,Regular,0,0
2024,10.0,Nate,110.5,Alexander,127.9,-17.400000000000006,Loss,Regular,0,0
2024,10.0,Zachary,102.8,Cody,153.4,-50.60000000000001,Loss,Regular,0,0
2024,10.0,Hayden,99.9,Matt,138.2,-38.29999999999998,Loss,Regular,0,1
2024,11.0,Evan,202.8,Hayden,141.0,61.80000000000001,Win,Regular,1,0
2024,11.0,Nate,165.4,Gavin,117.9,47.5,Win,Regular,0,0
2024,11.0,Dylan,153.9,Zachary,142.6,11.300000000000011,Win,Regular,0,0
2024,11.0,Cody,147.6,Luca,85.2,62.39999999999999,Win,Regular,0,0
2024,11.0,Zachary,142.6,Dylan,153.9,-11.300000000000011,Loss,Regular,0,0
2024,11.0,Hayden,141.0,Evan,202.8,-61.80000000000001,Loss,Regular,0,0
2024,11.0,Matt,129.6,Alexander,107.6,22.0,Win,Regular,0,0
2024,11.0,Gavin,117.9,Nate,165.4,-47.5,Loss,Regular,0,0
2024,11.0,Alexander,107.6,Matt,129.6,-22.0,Loss,Regular,0,0
2024,11.0,Luca,85.2,Cody,147.6,-62.39999999999999,Loss,Regular,0,1
2024,12.0,Nate,164.1,Alexander,90.9,73.19999999999999,Win,Regular,1,0
2024,12.0,Zachary,150.0,Matt,136.7,13.300000000000011,Win,Regular,0,0
2024,12.0,Cody,141.5,Hayden,140.5,1.0,Win,Regular,0,0
2024,12.0,Hayden,140.5,Cody,141.5,-1.0,Loss,Regular,0,0
2024,12.0,Dylan,139.6,Evan,113.9,25.69999999999999,Win,Regular,0,0
2024,12.0,Matt,136.7,Zachary,150.0,-13.300000000000011,Loss,Regular,0,0
2024,12.0,Gavin,121.5,Luca,96.8,24.700000000000003,Win,Regular,0,0
2024,12.0,Evan,113.9,Dylan,139.6,-25.69999999999999,Loss,Regular,0,0
2024,12.0,Luca,96.8,Gavin,121.5,-24.700000000000003,Loss,Regular,0,0
2024,12.0,Alexander,90.9,Nate,164.1,-73.19999999999999,Loss,Regular,0,1
2024,13.0,Zachary,177.0,Cody,135.2,41.80000000000001,Win,Regular,1,0
2024,13.0,Nate,162.9,Luca,109.7,53.2,Win,Regular,0,0
2024,13.0,Matt,154.5,Alexander,138.9,15.599999999999994,Win,Regular,0,0
2024,13.0,Alexander,138.9,Matt,154.5,-15.599999999999994,Loss,Regular,0,0
2024,13.0,Cody,135.2,Zachary,177.0,-41.80000000000001,Loss,Regular,0,0
2024,13.0,Evan,134.0,Hayden,95.2,38.8,Win,Regular,0,0
2024,13.0,Gavin,130.9,Dylan,120.7,10.200000000000003,Win,Regular,0,0
2024,13.0,Dylan,120.7,Gavin,130.9,-10.200000000000003,Loss,Regular,0,0
2024,13.0,Luca,109.7,Nate,162.9,-53.2,Loss,Regular,0,0
2024,13.0,Hayden,95.2,Evan,134.0,-38.8,Loss,Regular,0,1
2024,14.0,Zachary,324.5,Matt,262.3,62.19999999999999,Win,Playoff,1,0
2024,14.0,Evan,316.2,Gavin,242.2,74.0,Win,Playoff,0,0
2024,14.0,Matt,262.3,Zachary,324.5,-62.19999999999999,Loss,Playoff,0,0
2024,14.0,Gavin,242.2,Evan,316.2,-74.0,Loss,Playoff,0,1
2024,15.0,Evan,303.7,Zachary,299.1,4.599999999999966,Win,Playoff,1,0
2024,15.0,Zachary,299.1,Evan,303.7,-4.599999999999966,Loss,Playoff,0,1
